nominal.time,nominal.flows.force_st.s.support,nominal.flows.force_lin.s.support,nominal.flows.ee_1.s.rate,nominal.flows.ee_1.s.effort,nominal.flows.ee_mot.s.rate,nominal.flows.ee_mot.s.effort,nominal.flows.ee_ctl.s.rate,nominal.flows.ee_ctl.s.effort,nominal.flows.ctl.s.forward,nominal.flows.ctl.s.upward,nominal.flows.dofs.s.vertvel,nominal.flows.dofs.s.planvel,nominal.flows.dofs.s.planpwr,nominal.flows.dofs.s.uppwr,nominal.flows.dofs.s.x,nominal.flows.dofs.s.y,nominal.flows.dofs.s.z,nominal.flows.des_traj.s.dx,nominal.flows.des_traj.s.dy,nominal.flows.des_traj.s.dz,nominal.flows.des_traj.s.power,nominal.flows.environment.c.r.probdens,nominal.flows.environment.c.viewed,nominal.fxns.store_ee.s.soc,nominal.fxns.store_ee.m.faults.nocharge,nominal.fxns.store_ee.m.sub_faults,nominal.fxns.dist_ee.s.ee_tr,nominal.fxns.dist_ee.s.ee_te,nominal.fxns.dist_ee.m.faults.break,nominal.fxns.dist_ee.m.faults.degr,nominal.fxns.dist_ee.m.faults.short,nominal.fxns.dist_ee.m.sub_faults,nominal.fxns.affect_dof.s.e_to,nominal.fxns.affect_dof.s.e_ti,nominal.fxns.affect_dof.s.ct,nominal.fxns.affect_dof.s.mt,nominal.fxns.affect_dof.s.pt,nominal.fxns.affect_dof.m.faults.ctlbreak,nominal.fxns.affect_dof.m.faults.ctldn,nominal.fxns.affect_dof.m.faults.ctlup,nominal.fxns.affect_dof.m.faults.mechbreak,nominal.fxns.affect_dof.m.faults.mechfriction,nominal.fxns.affect_dof.m.faults.openc,nominal.fxns.affect_dof.m.faults.propbreak,nominal.fxns.affect_dof.m.faults.propstuck,nominal.fxns.affect_dof.m.faults.propwarp,nominal.fxns.affect_dof.m.faults.short,nominal.fxns.affect_dof.m.sub_faults,nominal.fxns.ctl_dof.s.cs,nominal.fxns.ctl_dof.s.power,nominal.fxns.ctl_dof.m.faults.degctl,nominal.fxns.ctl_dof.m.faults.noctl,nominal.fxns.ctl_dof.m.sub_faults,nominal.fxns.plan_path.s.pt,nominal.fxns.plan_path.s.goal,nominal.fxns.plan_path.s.dist,nominal.fxns.plan_path.m.mode,nominal.fxns.plan_path.m.faults.degloc,nominal.fxns.plan_path.m.faults.noloc,nominal.fxns.plan_path.m.sub_faults,nominal.fxns.plan_path.t.pause.time,nominal.fxns.plan_path.t.pause.mode,nominal.fxns.hold_payload.s.force_gr,nominal.fxns.hold_payload.m.faults.break,nominal.fxns.hold_payload.m.faults.deform,nominal.fxns.hold_payload.m.sub_faults,drone_fxns_store_ee_nocharge_t5p0.time,drone_fxns_store_ee_nocharge_t5p0.flows.force_st.s.support,drone_fxns_store_ee_nocharge_t5p0.flows.force_lin.s.support,drone_fxns_store_ee_nocharge_t5p0.flows.ee_1.s.rate,drone_fxns_store_ee_nocharge_t5p0.flows.ee_1.s.effort,drone_fxns_store_ee_nocharge_t5p0.flows.ee_mot.s.rate,drone_fxns_store_ee_nocharge_t5p0.flows.ee_mot.s.effort,drone_fxns_store_ee_nocharge_t5p0.flows.ee_ctl.s.rate,drone_fxns_store_ee_nocharge_t5p0.flows.ee_ctl.s.effort,drone_fxns_store_ee_nocharge_t5p0.flows.ctl.s.forward,drone_fxns_store_ee_nocharge_t5p0.flows.ctl.s.upward,drone_fxns_store_ee_nocharge_t5p0.flows.dofs.s.vertvel,drone_fxns_store_ee_nocharge_t5p0.flows.dofs.s.planvel,drone_fxns_store_ee_nocharge_t5p0.flows.dofs.s.planpwr,drone_fxns_store_ee_nocharge_t5p0.flows.dofs.s.uppwr,drone_fxns_store_ee_nocharge_t5p0.flows.dofs.s.x,drone_fxns_store_ee_nocharge_t5p0.flows.dofs.s.y,drone_fxns_store_ee_nocharge_t5p0.flows.dofs.s.z,drone_fxns_store_ee_nocharge_t5p0.flows.des_traj.s.dx,drone_fxns_store_ee_nocharge_t5p0.flows.des_traj.s.dy,drone_fxns_store_ee_nocharge_t5p0.flows.des_traj.s.dz,drone_fxns_store_ee_nocharge_t5p0.flows.des_traj.s.power,drone_fxns_store_ee_nocharge_t5p0.flows.environment.c.r.probdens,drone_fxns_store_ee_nocharge_t5p0.flows.environment.c.viewed,drone_fxns_store_ee_nocharge_t5p0.fxns.store_ee.s.soc,drone_fxns_store_ee_nocharge_t5p0.fxns.store_ee.m.faults.nocharge,drone_fxns_store_ee_nocharge_t5p0.fxns.store_ee.m.sub_faults,drone_fxns_store_ee_nocharge_t5p0.fxns.dist_ee.s.ee_tr,drone_fxns_store_ee_nocharge_t5p0.fxns.dist_ee.s.ee_te,drone_fxns_store_ee_nocharge_t5p0.fxns.dist_ee.m.faults.break,drone_fxns_store_ee_nocharge_t5p0.fxns.dist_ee.m.faults.degr,drone_fxns_store_ee_nocharge_t5p0.fxns.dist_ee.m.faults.short,drone_fxns_store_ee_nocharge_t5p0.fxns.dist_ee.m.sub_faults,drone_fxns_store_ee_nocharge_t5p0.fxns.affect_dof.s.e_to,drone_fxns_store_ee_nocharge_t5p0.fxns.affect_dof.s.e_ti,drone_fxns_store_ee_nocharge_t5p0.fxns.affect_dof.s.ct,drone_fxns_store_ee_nocharge_t5p0.fxns.affect_dof.s.mt,drone_fxns_store_ee_nocharge_t5p0.fxns.affect_dof.s.pt,drone_fxns_store_ee_nocharge_t5p0.fxns.affect_dof.m.faults.ctlbreak,drone_fxns_store_ee_nocharge_t5p0.fxns.affect_dof.m.faults.ctldn,drone_fxns_store_ee_nocharge_t5p0.fxns.affect_dof.m.faults.ctlup,drone_fxns_store_ee_nocharge_t5p0.fxns.affect_dof.m.faults.mechbreak,drone_fxns_store_ee_nocharge_t5p0.fxns.affect_dof.m.faults.mechfriction,drone_fxns_store_ee_nocharge_t5p0.fxns.affect_dof.m.faults.openc,drone_fxns_store_ee_nocharge_t5p0.fxns.affect_dof.m.faults.propbreak,drone_fxns_store_ee_nocharge_t5p0.fxns.affect_dof.m.faults.propstuck,drone_fxns_store_ee_nocharge_t5p0.fxns.affect_dof.m.faults.propwarp,drone_fxns_store_ee_nocharge_t5p0.fxns.affect_dof.m.faults.short,drone_fxns_store_ee_nocharge_t5p0.fxns.affect_dof.m.sub_faults,drone_fxns_store_ee_nocharge_t5p0.fxns.ctl_dof.s.cs,drone_fxns_store_ee_nocharge_t5p0.fxns.ctl_dof.s.power,drone_fxns_store_ee_nocharge_t5p0.fxns.ctl_dof.m.faults.degctl,drone_fxns_store_ee_nocharge_t5p0.fxns.ctl_dof.m.faults.noctl,drone_fxns_store_ee_nocharge_t5p0.fxns.ctl_dof.m.sub_faults,drone_fxns_store_ee_nocharge_t5p0.fxns.plan_path.s.pt,drone_fxns_store_ee_nocharge_t5p0.fxns.plan_path.s.goal,drone_fxns_store_ee_nocharge_t5p0.fxns.plan_path.s.dist,drone_fxns_store_ee_nocharge_t5p0.fxns.plan_path.m.mode,drone_fxns_store_ee_nocharge_t5p0.fxns.plan_path.m.faults.degloc,drone_fxns_store_ee_nocharge_t5p0.fxns.plan_path.m.faults.noloc,drone_fxns_store_ee_nocharge_t5p0.fxns.plan_path.m.sub_faults,drone_fxns_store_ee_nocharge_t5p0.fxns.plan_path.t.pause.time,drone_fxns_store_ee_nocharge_t5p0.fxns.plan_path.t.pause.mode,drone_fxns_store_ee_nocharge_t5p0.fxns.hold_payload.s.force_gr,drone_fxns_store_ee_nocharge_t5p0.fxns.hold_payload.m.faults.break,drone_fxns_store_ee_nocharge_t5p0.fxns.hold_payload.m.faults.deform,drone_fxns_store_ee_nocharge_t5p0.fxns.hold_payload.m.sub_faults,drone_fxns_store_ee_nocharge_t7p0.time,drone_fxns_store_ee_nocharge_t7p0.flows.force_st.s.support,drone_fxns_store_ee_nocharge_t7p0.flows.force_lin.s.support,drone_fxns_store_ee_nocharge_t7p0.flows.ee_1.s.rate,drone_fxns_store_ee_nocharge_t7p0.flows.ee_1.s.effort,drone_fxns_store_ee_nocharge_t7p0.flows.ee_mot.s.rate,drone_fxns_store_ee_nocharge_t7p0.flows.ee_mot.s.effort,drone_fxns_store_ee_nocharge_t7p0.flows.ee_ctl.s.rate,drone_fxns_store_ee_nocharge_t7p0.flows.ee_ctl.s.effort,drone_fxns_store_ee_nocharge_t7p0.flows.ctl.s.forward,drone_fxns_store_ee_nocharge_t7p0.flows.ctl.s.upward,drone_fxns_store_ee_nocharge_t7p0.flows.dofs.s.vertvel,drone_fxns_store_ee_nocharge_t7p0.flows.dofs.s.planvel,drone_fxns_store_ee_nocharge_t7p0.flows.dofs.s.planpwr,drone_fxns_store_ee_nocharge_t7p0.flows.dofs.s.uppwr,drone_fxns_store_ee_nocharge_t7p0.flows.dofs.s.x,drone_fxns_store_ee_nocharge_t7p0.flows.dofs.s.y,drone_fxns_store_ee_nocharge_t7p0.flows.dofs.s.z,drone_fxns_store_ee_nocharge_t7p0.flows.des_traj.s.dx,drone_fxns_store_ee_nocharge_t7p0.flows.des_traj.s.dy,drone_fxns_store_ee_nocharge_t7p0.flows.des_traj.s.dz,drone_fxns_store_ee_nocharge_t7p0.flows.des_traj.s.power,drone_fxns_store_ee_nocharge_t7p0.flows.environment.c.r.probdens,drone_fxns_store_ee_nocharge_t7p0.flows.environment.c.viewed,drone_fxns_store_ee_nocharge_t7p0.fxns.store_ee.s.soc,drone_fxns_store_ee_nocharge_t7p0.fxns.store_ee.m.faults.nocharge,drone_fxns_store_ee_nocharge_t7p0.fxns.store_ee.m.sub_faults,drone_fxns_store_ee_nocharge_t7p0.fxns.dist_ee.s.ee_tr,drone_fxns_store_ee_nocharge_t7p0.fxns.dist_ee.s.ee_te,drone_fxns_store_ee_nocharge_t7p0.fxns.dist_ee.m.faults.break,drone_fxns_store_ee_nocharge_t7p0.fxns.dist_ee.m.faults.degr,drone_fxns_store_ee_nocharge_t7p0.fxns.dist_ee.m.faults.short,drone_fxns_store_ee_nocharge_t7p0.fxns.dist_ee.m.sub_faults,drone_fxns_store_ee_nocharge_t7p0.fxns.affect_dof.s.e_to,drone_fxns_store_ee_nocharge_t7p0.fxns.affect_dof.s.e_ti,drone_fxns_store_ee_nocharge_t7p0.fxns.affect_dof.s.ct,drone_fxns_store_ee_nocharge_t7p0.fxns.affect_dof.s.mt,drone_fxns_store_ee_nocharge_t7p0.fxns.affect_dof.s.pt,drone_fxns_store_ee_nocharge_t7p0.fxns.affect_dof.m.faults.ctlbreak,drone_fxns_store_ee_nocharge_t7p0.fxns.affect_dof.m.faults.ctldn,drone_fxns_store_ee_nocharge_t7p0.fxns.affect_dof.m.faults.ctlup,drone_fxns_store_ee_nocharge_t7p0.fxns.affect_dof.m.faults.mechbreak,drone_fxns_store_ee_nocharge_t7p0.fxns.affect_dof.m.faults.mechfriction,drone_fxns_store_ee_nocharge_t7p0.fxns.affect_dof.m.faults.openc,drone_fxns_store_ee_nocharge_t7p0.fxns.affect_dof.m.faults.propbreak,drone_fxns_store_ee_nocharge_t7p0.fxns.affect_dof.m.faults.propstuck,drone_fxns_store_ee_nocharge_t7p0.fxns.affect_dof.m.faults.propwarp,drone_fxns_store_ee_nocharge_t7p0.fxns.affect_dof.m.faults.short,drone_fxns_store_ee_nocharge_t7p0.fxns.affect_dof.m.sub_faults,drone_fxns_store_ee_nocharge_t7p0.fxns.ctl_dof.s.cs,drone_fxns_store_ee_nocharge_t7p0.fxns.ctl_dof.s.power,drone_fxns_store_ee_nocharge_t7p0.fxns.ctl_dof.m.faults.degctl,drone_fxns_store_ee_nocharge_t7p0.fxns.ctl_dof.m.faults.noctl,drone_fxns_store_ee_nocharge_t7p0.fxns.ctl_dof.m.sub_faults,drone_fxns_store_ee_nocharge_t7p0.fxns.plan_path.s.pt,drone_fxns_store_ee_nocharge_t7p0.fxns.plan_path.s.goal,drone_fxns_store_ee_nocharge_t7p0.fxns.plan_path.s.dist,drone_fxns_store_ee_nocharge_t7p0.fxns.plan_path.m.mode,drone_fxns_store_ee_nocharge_t7p0.fxns.plan_path.m.faults.degloc,drone_fxns_store_ee_nocharge_t7p0.fxns.plan_path.m.faults.noloc,drone_fxns_store_ee_nocharge_t7p0.fxns.plan_path.m.sub_faults,drone_fxns_store_ee_nocharge_t7p0.fxns.plan_path.t.pause.time,drone_fxns_store_ee_nocharge_t7p0.fxns.plan_path.t.pause.mode,drone_fxns_store_ee_nocharge_t7p0.fxns.hold_payload.s.force_gr,drone_fxns_store_ee_nocharge_t7p0.fxns.hold_payload.m.faults.break,drone_fxns_store_ee_nocharge_t7p0.fxns.hold_payload.m.faults.deform,drone_fxns_store_ee_nocharge_t7p0.fxns.hold_payload.m.sub_faults,drone_fxns_store_ee_nocharge_t15p0.time,drone_fxns_store_ee_nocharge_t15p0.flows.force_st.s.support,drone_fxns_store_ee_nocharge_t15p0.flows.force_lin.s.support,drone_fxns_store_ee_nocharge_t15p0.flows.ee_1.s.rate,drone_fxns_store_ee_nocharge_t15p0.flows.ee_1.s.effort,drone_fxns_store_ee_nocharge_t15p0.flows.ee_mot.s.rate,drone_fxns_store_ee_nocharge_t15p0.flows.ee_mot.s.effort,drone_fxns_store_ee_nocharge_t15p0.flows.ee_ctl.s.rate,drone_fxns_store_ee_nocharge_t15p0.flows.ee_ctl.s.effort,drone_fxns_store_ee_nocharge_t15p0.flows.ctl.s.forward,drone_fxns_store_ee_nocharge_t15p0.flows.ctl.s.upward,drone_fxns_store_ee_nocharge_t15p0.flows.dofs.s.vertvel,drone_fxns_store_ee_nocharge_t15p0.flows.dofs.s.planvel,drone_fxns_store_ee_nocharge_t15p0.flows.dofs.s.planpwr,drone_fxns_store_ee_nocharge_t15p0.flows.dofs.s.uppwr,drone_fxns_store_ee_nocharge_t15p0.flows.dofs.s.x,drone_fxns_store_ee_nocharge_t15p0.flows.dofs.s.y,drone_fxns_store_ee_nocharge_t15p0.flows.dofs.s.z,drone_fxns_store_ee_nocharge_t15p0.flows.des_traj.s.dx,drone_fxns_store_ee_nocharge_t15p0.flows.des_traj.s.dy,drone_fxns_store_ee_nocharge_t15p0.flows.des_traj.s.dz,drone_fxns_store_ee_nocharge_t15p0.flows.des_traj.s.power,drone_fxns_store_ee_nocharge_t15p0.flows.environment.c.r.probdens,drone_fxns_store_ee_nocharge_t15p0.flows.environment.c.viewed,drone_fxns_store_ee_nocharge_t15p0.fxns.store_ee.s.soc,drone_fxns_store_ee_nocharge_t15p0.fxns.store_ee.m.faults.nocharge,drone_fxns_store_ee_nocharge_t15p0.fxns.store_ee.m.sub_faults,drone_fxns_store_ee_nocharge_t15p0.fxns.dist_ee.s.ee_tr,drone_fxns_store_ee_nocharge_t15p0.fxns.dist_ee.s.ee_te,drone_fxns_store_ee_nocharge_t15p0.fxns.dist_ee.m.faults.break,drone_fxns_store_ee_nocharge_t15p0.fxns.dist_ee.m.faults.degr,drone_fxns_store_ee_nocharge_t15p0.fxns.dist_ee.m.faults.short,drone_fxns_store_ee_nocharge_t15p0.fxns.dist_ee.m.sub_faults,drone_fxns_store_ee_nocharge_t15p0.fxns.affect_dof.s.e_to,drone_fxns_store_ee_nocharge_t15p0.fxns.affect_dof.s.e_ti,drone_fxns_store_ee_nocharge_t15p0.fxns.affect_dof.s.ct,drone_fxns_store_ee_nocharge_t15p0.fxns.affect_dof.s.mt,drone_fxns_store_ee_nocharge_t15p0.fxns.affect_dof.s.pt,drone_fxns_store_ee_nocharge_t15p0.fxns.affect_dof.m.faults.ctlbreak,drone_fxns_store_ee_nocharge_t15p0.fxns.affect_dof.m.faults.ctldn,drone_fxns_store_ee_nocharge_t15p0.fxns.affect_dof.m.faults.ctlup,drone_fxns_store_ee_nocharge_t15p0.fxns.affect_dof.m.faults.mechbreak,drone_fxns_store_ee_nocharge_t15p0.fxns.affect_dof.m.faults.mechfriction,drone_fxns_store_ee_nocharge_t15p0.fxns.affect_dof.m.faults.openc,drone_fxns_store_ee_nocharge_t15p0.fxns.affect_dof.m.faults.propbreak,drone_fxns_store_ee_nocharge_t15p0.fxns.affect_dof.m.faults.propstuck,drone_fxns_store_ee_nocharge_t15p0.fxns.affect_dof.m.faults.propwarp,drone_fxns_store_ee_nocharge_t15p0.fxns.affect_dof.m.faults.short,drone_fxns_store_ee_nocharge_t15p0.fxns.affect_dof.m.sub_faults,drone_fxns_store_ee_nocharge_t15p0.fxns.ctl_dof.s.cs,drone_fxns_store_ee_nocharge_t15p0.fxns.ctl_dof.s.power,drone_fxns_store_ee_nocharge_t15p0.fxns.ctl_dof.m.faults.degctl,drone_fxns_store_ee_nocharge_t15p0.fxns.ctl_dof.m.faults.noctl,drone_fxns_store_ee_nocharge_t15p0.fxns.ctl_dof.m.sub_faults,drone_fxns_store_ee_nocharge_t15p0.fxns.plan_path.s.pt,drone_fxns_store_ee_nocharge_t15p0.fxns.plan_path.s.goal,drone_fxns_store_ee_nocharge_t15p0.fxns.plan_path.s.dist,drone_fxns_store_ee_nocharge_t15p0.fxns.plan_path.m.mode,drone_fxns_store_ee_nocharge_t15p0.fxns.plan_path.m.faults.degloc,drone_fxns_store_ee_nocharge_t15p0.fxns.plan_path.m.faults.noloc,drone_fxns_store_ee_nocharge_t15p0.fxns.plan_path.m.sub_faults,drone_fxns_store_ee_nocharge_t15p0.fxns.plan_path.t.pause.time,drone_fxns_store_ee_nocharge_t15p0.fxns.plan_path.t.pause.mode,drone_fxns_store_ee_nocharge_t15p0.fxns.hold_payload.s.force_gr,drone_fxns_store_ee_nocharge_t15p0.fxns.hold_payload.m.faults.break,drone_fxns_store_ee_nocharge_t15p0.fxns.hold_payload.m.faults.deform,drone_fxns_store_ee_nocharge_t15p0.fxns.hold_payload.m.sub_faults,drone_fxns_affect_dof_ctlup_t5p0.time,drone_fxns_affect_dof_ctlup_t5p0.flows.force_st.s.support,drone_fxns_affect_dof_ctlup_t5p0.flows.force_lin.s.support,drone_fxns_affect_dof_ctlup_t5p0.flows.ee_1.s.rate,drone_fxns_affect_dof_ctlup_t5p0.flows.ee_1.s.effort,drone_fxns_affect_dof_ctlup_t5p0.flows.ee_mot.s.rate,drone_fxns_affect_dof_ctlup_t5p0.flows.ee_mot.s.effort,drone_fxns_affect_dof_ctlup_t5p0.flows.ee_ctl.s.rate,drone_fxns_affect_dof_ctlup_t5p0.flows.ee_ctl.s.effort,drone_fxns_affect_dof_ctlup_t5p0.flows.ctl.s.forward,drone_fxns_affect_dof_ctlup_t5p0.flows.ctl.s.upward,drone_fxns_affect_dof_ctlup_t5p0.flows.dofs.s.vertvel,drone_fxns_affect_dof_ctlup_t5p0.flows.dofs.s.planvel,drone_fxns_affect_dof_ctlup_t5p0.flows.dofs.s.planpwr,drone_fxns_affect_dof_ctlup_t5p0.flows.dofs.s.uppwr,drone_fxns_affect_dof_ctlup_t5p0.flows.dofs.s.x,drone_fxns_affect_dof_ctlup_t5p0.flows.dofs.s.y,drone_fxns_affect_dof_ctlup_t5p0.flows.dofs.s.z,drone_fxns_affect_dof_ctlup_t5p0.flows.des_traj.s.dx,drone_fxns_affect_dof_ctlup_t5p0.flows.des_traj.s.dy,drone_fxns_affect_dof_ctlup_t5p0.flows.des_traj.s.dz,drone_fxns_affect_dof_ctlup_t5p0.flows.des_traj.s.power,drone_fxns_affect_dof_ctlup_t5p0.flows.environment.c.r.probdens,drone_fxns_affect_dof_ctlup_t5p0.flows.environment.c.viewed,drone_fxns_affect_dof_ctlup_t5p0.fxns.store_ee.s.soc,drone_fxns_affect_dof_ctlup_t5p0.fxns.store_ee.m.faults.nocharge,drone_fxns_affect_dof_ctlup_t5p0.fxns.store_ee.m.sub_faults,drone_fxns_affect_dof_ctlup_t5p0.fxns.dist_ee.s.ee_tr,drone_fxns_affect_dof_ctlup_t5p0.fxns.dist_ee.s.ee_te,drone_fxns_affect_dof_ctlup_t5p0.fxns.dist_ee.m.faults.break,drone_fxns_affect_dof_ctlup_t5p0.fxns.dist_ee.m.faults.degr,drone_fxns_affect_dof_ctlup_t5p0.fxns.dist_ee.m.faults.short,drone_fxns_affect_dof_ctlup_t5p0.fxns.dist_ee.m.sub_faults,drone_fxns_affect_dof_ctlup_t5p0.fxns.affect_dof.s.e_to,drone_fxns_affect_dof_ctlup_t5p0.fxns.affect_dof.s.e_ti,drone_fxns_affect_dof_ctlup_t5p0.fxns.affect_dof.s.ct,drone_fxns_affect_dof_ctlup_t5p0.fxns.affect_dof.s.mt,drone_fxns_affect_dof_ctlup_t5p0.fxns.affect_dof.s.pt,drone_fxns_affect_dof_ctlup_t5p0.fxns.affect_dof.m.faults.ctlbreak,drone_fxns_affect_dof_ctlup_t5p0.fxns.affect_dof.m.faults.ctldn,drone_fxns_affect_dof_ctlup_t5p0.fxns.affect_dof.m.faults.ctlup,drone_fxns_affect_dof_ctlup_t5p0.fxns.affect_dof.m.faults.mechbreak,drone_fxns_affect_dof_ctlup_t5p0.fxns.affect_dof.m.faults.mechfriction,drone_fxns_affect_dof_ctlup_t5p0.fxns.affect_dof.m.faults.openc,drone_fxns_affect_dof_ctlup_t5p0.fxns.affect_dof.m.faults.propbreak,drone_fxns_affect_dof_ctlup_t5p0.fxns.affect_dof.m.faults.propstuck,drone_fxns_affect_dof_ctlup_t5p0.fxns.affect_dof.m.faults.propwarp,drone_fxns_affect_dof_ctlup_t5p0.fxns.affect_dof.m.faults.short,drone_fxns_affect_dof_ctlup_t5p0.fxns.affect_dof.m.sub_faults,drone_fxns_affect_dof_ctlup_t5p0.fxns.ctl_dof.s.cs,drone_fxns_affect_dof_ctlup_t5p0.fxns.ctl_dof.s.power,drone_fxns_affect_dof_ctlup_t5p0.fxns.ctl_dof.m.faults.degctl,drone_fxns_affect_dof_ctlup_t5p0.fxns.ctl_dof.m.faults.noctl,drone_fxns_affect_dof_ctlup_t5p0.fxns.ctl_dof.m.sub_faults,drone_fxns_affect_dof_ctlup_t5p0.fxns.plan_path.s.pt,drone_fxns_affect_dof_ctlup_t5p0.fxns.plan_path.s.goal,drone_fxns_affect_dof_ctlup_t5p0.fxns.plan_path.s.dist,drone_fxns_affect_dof_ctlup_t5p0.fxns.plan_path.m.mode,drone_fxns_affect_dof_ctlup_t5p0.fxns.plan_path.m.faults.degloc,drone_fxns_affect_dof_ctlup_t5p0.fxns.plan_path.m.faults.noloc,drone_fxns_affect_dof_ctlup_t5p0.fxns.plan_path.m.sub_faults,drone_fxns_affect_dof_ctlup_t5p0.fxns.plan_path.t.pause.time,drone_fxns_affect_dof_ctlup_t5p0.fxns.plan_path.t.pause.mode,drone_fxns_affect_dof_ctlup_t5p0.fxns.hold_payload.s.force_gr,drone_fxns_affect_dof_ctlup_t5p0.fxns.hold_payload.m.faults.break,drone_fxns_affect_dof_ctlup_t5p0.fxns.hold_payload.m.faults.deform,drone_fxns_affect_dof_ctlup_t5p0.fxns.hold_payload.m.sub_faults,drone_fxns_affect_dof_ctlup_t7p0.time,drone_fxns_affect_dof_ctlup_t7p0.flows.force_st.s.support,drone_fxns_affect_dof_ctlup_t7p0.flows.force_lin.s.support,drone_fxns_affect_dof_ctlup_t7p0.flows.ee_1.s.rate,drone_fxns_affect_dof_ctlup_t7p0.flows.ee_1.s.effort,drone_fxns_affect_dof_ctlup_t7p0.flows.ee_mot.s.rate,drone_fxns_affect_dof_ctlup_t7p0.flows.ee_mot.s.effort,drone_fxns_affect_dof_ctlup_t7p0.flows.ee_ctl.s.rate,drone_fxns_affect_dof_ctlup_t7p0.flows.ee_ctl.s.effort,drone_fxns_affect_dof_ctlup_t7p0.flows.ctl.s.forward,drone_fxns_affect_dof_ctlup_t7p0.flows.ctl.s.upward,drone_fxns_affect_dof_ctlup_t7p0.flows.dofs.s.vertvel,drone_fxns_affect_dof_ctlup_t7p0.flows.dofs.s.planvel,drone_fxns_affect_dof_ctlup_t7p0.flows.dofs.s.planpwr,drone_fxns_affect_dof_ctlup_t7p0.flows.dofs.s.uppwr,drone_fxns_affect_dof_ctlup_t7p0.flows.dofs.s.x,drone_fxns_affect_dof_ctlup_t7p0.flows.dofs.s.y,drone_fxns_affect_dof_ctlup_t7p0.flows.dofs.s.z,drone_fxns_affect_dof_ctlup_t7p0.flows.des_traj.s.dx,drone_fxns_affect_dof_ctlup_t7p0.flows.des_traj.s.dy,drone_fxns_affect_dof_ctlup_t7p0.flows.des_traj.s.dz,drone_fxns_affect_dof_ctlup_t7p0.flows.des_traj.s.power,drone_fxns_affect_dof_ctlup_t7p0.flows.environment.c.r.probdens,drone_fxns_affect_dof_ctlup_t7p0.flows.environment.c.viewed,drone_fxns_affect_dof_ctlup_t7p0.fxns.store_ee.s.soc,drone_fxns_affect_dof_ctlup_t7p0.fxns.store_ee.m.faults.nocharge,drone_fxns_affect_dof_ctlup_t7p0.fxns.store_ee.m.sub_faults,drone_fxns_affect_dof_ctlup_t7p0.fxns.dist_ee.s.ee_tr,drone_fxns_affect_dof_ctlup_t7p0.fxns.dist_ee.s.ee_te,drone_fxns_affect_dof_ctlup_t7p0.fxns.dist_ee.m.faults.break,drone_fxns_affect_dof_ctlup_t7p0.fxns.dist_ee.m.faults.degr,drone_fxns_affect_dof_ctlup_t7p0.fxns.dist_ee.m.faults.short,drone_fxns_affect_dof_ctlup_t7p0.fxns.dist_ee.m.sub_faults,drone_fxns_affect_dof_ctlup_t7p0.fxns.affect_dof.s.e_to,drone_fxns_affect_dof_ctlup_t7p0.fxns.affect_dof.s.e_ti,drone_fxns_affect_dof_ctlup_t7p0.fxns.affect_dof.s.ct,drone_fxns_affect_dof_ctlup_t7p0.fxns.affect_dof.s.mt,drone_fxns_affect_dof_ctlup_t7p0.fxns.affect_dof.s.pt,drone_fxns_affect_dof_ctlup_t7p0.fxns.affect_dof.m.faults.ctlbreak,drone_fxns_affect_dof_ctlup_t7p0.fxns.affect_dof.m.faults.ctldn,drone_fxns_affect_dof_ctlup_t7p0.fxns.affect_dof.m.faults.ctlup,drone_fxns_affect_dof_ctlup_t7p0.fxns.affect_dof.m.faults.mechbreak,drone_fxns_affect_dof_ctlup_t7p0.fxns.affect_dof.m.faults.mechfriction,drone_fxns_affect_dof_ctlup_t7p0.fxns.affect_dof.m.faults.openc,drone_fxns_affect_dof_ctlup_t7p0.fxns.affect_dof.m.faults.propbreak,drone_fxns_affect_dof_ctlup_t7p0.fxns.affect_dof.m.faults.propstuck,drone_fxns_affect_dof_ctlup_t7p0.fxns.affect_dof.m.faults.propwarp,drone_fxns_affect_dof_ctlup_t7p0.fxns.affect_dof.m.faults.short,drone_fxns_affect_dof_ctlup_t7p0.fxns.affect_dof.m.sub_faults,drone_fxns_affect_dof_ctlup_t7p0.fxns.ctl_dof.s.cs,drone_fxns_affect_dof_ctlup_t7p0.fxns.ctl_dof.s.power,drone_fxns_affect_dof_ctlup_t7p0.fxns.ctl_dof.m.faults.degctl,drone_fxns_affect_dof_ctlup_t7p0.fxns.ctl_dof.m.faults.noctl,drone_fxns_affect_dof_ctlup_t7p0.fxns.ctl_dof.m.sub_faults,drone_fxns_affect_dof_ctlup_t7p0.fxns.plan_path.s.pt,drone_fxns_affect_dof_ctlup_t7p0.fxns.plan_path.s.goal,drone_fxns_affect_dof_ctlup_t7p0.fxns.plan_path.s.dist,drone_fxns_affect_dof_ctlup_t7p0.fxns.plan_path.m.mode,drone_fxns_affect_dof_ctlup_t7p0.fxns.plan_path.m.faults.degloc,drone_fxns_affect_dof_ctlup_t7p0.fxns.plan_path.m.faults.noloc,drone_fxns_affect_dof_ctlup_t7p0.fxns.plan_path.m.sub_faults,drone_fxns_affect_dof_ctlup_t7p0.fxns.plan_path.t.pause.time,drone_fxns_affect_dof_ctlup_t7p0.fxns.plan_path.t.pause.mode,drone_fxns_affect_dof_ctlup_t7p0.fxns.hold_payload.s.force_gr,drone_fxns_affect_dof_ctlup_t7p0.fxns.hold_payload.m.faults.break,drone_fxns_affect_dof_ctlup_t7p0.fxns.hold_payload.m.faults.deform,drone_fxns_affect_dof_ctlup_t7p0.fxns.hold_payload.m.sub_faults,drone_fxns_affect_dof_ctlup_t15p0.time,drone_fxns_affect_dof_ctlup_t15p0.flows.force_st.s.support,drone_fxns_affect_dof_ctlup_t15p0.flows.force_lin.s.support,drone_fxns_affect_dof_ctlup_t15p0.flows.ee_1.s.rate,drone_fxns_affect_dof_ctlup_t15p0.flows.ee_1.s.effort,drone_fxns_affect_dof_ctlup_t15p0.flows.ee_mot.s.rate,drone_fxns_affect_dof_ctlup_t15p0.flows.ee_mot.s.effort,drone_fxns_affect_dof_ctlup_t15p0.flows.ee_ctl.s.rate,drone_fxns_affect_dof_ctlup_t15p0.flows.ee_ctl.s.effort,drone_fxns_affect_dof_ctlup_t15p0.flows.ctl.s.forward,drone_fxns_affect_dof_ctlup_t15p0.flows.ctl.s.upward,drone_fxns_affect_dof_ctlup_t15p0.flows.dofs.s.vertvel,drone_fxns_affect_dof_ctlup_t15p0.flows.dofs.s.planvel,drone_fxns_affect_dof_ctlup_t15p0.flows.dofs.s.planpwr,drone_fxns_affect_dof_ctlup_t15p0.flows.dofs.s.uppwr,drone_fxns_affect_dof_ctlup_t15p0.flows.dofs.s.x,drone_fxns_affect_dof_ctlup_t15p0.flows.dofs.s.y,drone_fxns_affect_dof_ctlup_t15p0.flows.dofs.s.z,drone_fxns_affect_dof_ctlup_t15p0.flows.des_traj.s.dx,drone_fxns_affect_dof_ctlup_t15p0.flows.des_traj.s.dy,drone_fxns_affect_dof_ctlup_t15p0.flows.des_traj.s.dz,drone_fxns_affect_dof_ctlup_t15p0.flows.des_traj.s.power,drone_fxns_affect_dof_ctlup_t15p0.flows.environment.c.r.probdens,drone_fxns_affect_dof_ctlup_t15p0.flows.environment.c.viewed,drone_fxns_affect_dof_ctlup_t15p0.fxns.store_ee.s.soc,drone_fxns_affect_dof_ctlup_t15p0.fxns.store_ee.m.faults.nocharge,drone_fxns_affect_dof_ctlup_t15p0.fxns.store_ee.m.sub_faults,drone_fxns_affect_dof_ctlup_t15p0.fxns.dist_ee.s.ee_tr,drone_fxns_affect_dof_ctlup_t15p0.fxns.dist_ee.s.ee_te,drone_fxns_affect_dof_ctlup_t15p0.fxns.dist_ee.m.faults.break,drone_fxns_affect_dof_ctlup_t15p0.fxns.dist_ee.m.faults.degr,drone_fxns_affect_dof_ctlup_t15p0.fxns.dist_ee.m.faults.short,drone_fxns_affect_dof_ctlup_t15p0.fxns.dist_ee.m.sub_faults,drone_fxns_affect_dof_ctlup_t15p0.fxns.affect_dof.s.e_to,drone_fxns_affect_dof_ctlup_t15p0.fxns.affect_dof.s.e_ti,drone_fxns_affect_dof_ctlup_t15p0.fxns.affect_dof.s.ct,drone_fxns_affect_dof_ctlup_t15p0.fxns.affect_dof.s.mt,drone_fxns_affect_dof_ctlup_t15p0.fxns.affect_dof.s.pt,drone_fxns_affect_dof_ctlup_t15p0.fxns.affect_dof.m.faults.ctlbreak,drone_fxns_affect_dof_ctlup_t15p0.fxns.affect_dof.m.faults.ctldn,drone_fxns_affect_dof_ctlup_t15p0.fxns.affect_dof.m.faults.ctlup,drone_fxns_affect_dof_ctlup_t15p0.fxns.affect_dof.m.faults.mechbreak,drone_fxns_affect_dof_ctlup_t15p0.fxns.affect_dof.m.faults.mechfriction,drone_fxns_affect_dof_ctlup_t15p0.fxns.affect_dof.m.faults.openc,drone_fxns_affect_dof_ctlup_t15p0.fxns.affect_dof.m.faults.propbreak,drone_fxns_affect_dof_ctlup_t15p0.fxns.affect_dof.m.faults.propstuck,drone_fxns_affect_dof_ctlup_t15p0.fxns.affect_dof.m.faults.propwarp,drone_fxns_affect_dof_ctlup_t15p0.fxns.affect_dof.m.faults.short,drone_fxns_affect_dof_ctlup_t15p0.fxns.affect_dof.m.sub_faults,drone_fxns_affect_dof_ctlup_t15p0.fxns.ctl_dof.s.cs,drone_fxns_affect_dof_ctlup_t15p0.fxns.ctl_dof.s.power,drone_fxns_affect_dof_ctlup_t15p0.fxns.ctl_dof.m.faults.degctl,drone_fxns_affect_dof_ctlup_t15p0.fxns.ctl_dof.m.faults.noctl,drone_fxns_affect_dof_ctlup_t15p0.fxns.ctl_dof.m.sub_faults,drone_fxns_affect_dof_ctlup_t15p0.fxns.plan_path.s.pt,drone_fxns_affect_dof_ctlup_t15p0.fxns.plan_path.s.goal,drone_fxns_affect_dof_ctlup_t15p0.fxns.plan_path.s.dist,drone_fxns_affect_dof_ctlup_t15p0.fxns.plan_path.m.mode,drone_fxns_affect_dof_ctlup_t15p0.fxns.plan_path.m.faults.degloc,drone_fxns_affect_dof_ctlup_t15p0.fxns.plan_path.m.faults.noloc,drone_fxns_affect_dof_ctlup_t15p0.fxns.plan_path.m.sub_faults,drone_fxns_affect_dof_ctlup_t15p0.fxns.plan_path.t.pause.time,drone_fxns_affect_dof_ctlup_t15p0.fxns.plan_path.t.pause.mode,drone_fxns_affect_dof_ctlup_t15p0.fxns.hold_payload.s.force_gr,drone_fxns_affect_dof_ctlup_t15p0.fxns.hold_payload.m.faults.break,drone_fxns_affect_dof_ctlup_t15p0.fxns.hold_payload.m.faults.deform,drone_fxns_affect_dof_ctlup_t15p0.fxns.hold_payload.m.sub_faults
0.0,1.0,1.0,1.0,1.0,1.0,1.0,1.0,1.0,0.0,1.1666666666666667,1.0,1.0,0.0,1.1666666666666667,0.0,0.0,0.0,0.0,0.0,50.0,1.0,1.0,"[[ True False False False False False False False False False False False
  False False False False]
 [False False False False False False False False False False False False
  False False False False]
 [False False False False False False False False False False False False
  False False False False]
 [False False False False False False False False False False False False
  False False False False]
 [False False False False False False False False False False False False
  False False False False]
 [False False False False False False False False False False False False
  False False False False]
 [False False False False False False False False False False False False
  False False False False]
 [False False False False False False False False False False False False
  False False False False]
 [False False False False False False False False False False False False
  False False False False]
 [False False False False False False False False False False False False
  False False False False]
 [False False False False False False False False False False False False
  False False False False]
 [False False False False False False False False False False False False
  False False False False]
 [False False False False False False False False False False False False
  False False False False]
 [False False False False False False False False False False False False
  False False False False]
 [False False False False False False False False False False False False
  False False False False]
 [False False False False False False False False False False False False
  False False False False]]",99.5,False,False,1.0,1.0,False,False,False,False,1.0,1.0,1.0,1.0,1.0,False,False,False,False,False,False,False,False,False,False,False,1.0,1.0,False,False,False,0,"(0.0, 0.0, 50.0)",50.0,move,False,False,False,0.0,standby,-0.5,False,False,False,0.0,1.0,1.0,1.0,1.0,1.0,1.0,1.0,1.0,0.0,1.1666666666666667,1.0,1.0,0.0,1.1666666666666667,0.0,0.0,0.0,0.0,0.0,50.0,1.0,1.0,"[[ True False False False False False False False False False False False
  False False False False]
 [False False False False False False False False False False False False
  False False False False]
 [False False False False False False False False False False False False
  False False False False]
 [False False False False False False False False False False False False
  False False False False]
 [False False False False False False False False False False False False
  False False False False]
 [False False False False False False False False False False False False
  False False False False]
 [False False False False False False False False False False False False
  False False False False]
 [False False False False False False False False False False False False
  False False False False]
 [False False False False False False False False False False False False
  False False False False]
 [False False False False False False False False False False False False
  False False False False]
 [False False False False False False False False False False False False
  False False False False]
 [False False False False False False False False False False False False
  False False False False]
 [False False False False False False False False False False False False
  False False False False]
 [False False False False False False False False False False False False
  False False False False]
 [False False False False False False False False False False False False
  False False False False]
 [False False False False False False False False False False False False
  False False False False]]",99.5,False,False,1.0,1.0,False,False,False,False,1.0,1.0,1.0,1.0,1.0,False,False,False,False,False,False,False,False,False,False,False,1.0,1.0,False,False,False,0,"(0.0, 0.0, 50.0)",50.0,move,False,False,False,0.0,standby,-0.5,False,False,False,0.0,1.0,1.0,1.0,1.0,1.0,1.0,1.0,1.0,0.0,1.1666666666666667,1.0,1.0,0.0,1.1666666666666667,0.0,0.0,0.0,0.0,0.0,50.0,1.0,1.0,"[[ True False False False False False False False False False False False
  False False False False]
 [False False False False False False False False False False False False
  False False False False]
 [False False False False False False False False False False False False
  False False False False]
 [False False False False False False False False False False False False
  False False False False]
 [False False False False False False False False False False False False
  False False False False]
 [False False False False False False False False False False False False
  False False False False]
 [False False False False False False False False False False False False
  False False False False]
 [False False False False False False False False False False False False
  False False False False]
 [False False False False False False False False False False False False
  False False False False]
 [False False False False False False False False False False False False
  False False False False]
 [False False False False False False False False False False False False
  False False False False]
 [False False False False False False False False False False False False
  False False False False]
 [False False False False False False False False False False False False
  False False False False]
 [False False False False False False False False False False False False
  False False False False]
 [False False False False False False False False False False False False
  False False False False]
 [False False False False False False False False False False False False
  False False False False]]",99.5,False,False,1.0,1.0,False,False,False,False,1.0,1.0,1.0,1.0,1.0,False,False,False,False,False,False,False,False,False,False,False,1.0,1.0,False,False,False,0,"(0.0, 0.0, 50.0)",50.0,move,False,False,False,0.0,standby,-0.5,False,False,False,0.0,1.0,1.0,1.0,1.0,1.0,1.0,1.0,1.0,0.0,1.1666666666666667,1.0,1.0,0.0,1.1666666666666667,0.0,0.0,0.0,0.0,0.0,50.0,1.0,1.0,"[[ True False False False False False False False False False False False
  False False False False]
 [False False False False False False False False False False False False
  False False False False]
 [False False False False False False False False False False False False
  False False False False]
 [False False False False False False False False False False False False
  False False False False]
 [False False False False False False False False False False False False
  False False False False]
 [False False False False False False False False False False False False
  False False False False]
 [False False False False False False False False False False False False
  False False False False]
 [False False False False False False False False False False False False
  False False False False]
 [False False False False False False False False False False False False
  False False False False]
 [False False False False False False False False False False False False
  False False False False]
 [False False False False False False False False False False False False
  False False False False]
 [False False False False False False False False False False False False
  False False False False]
 [False False False False False False False False False False False False
  False False False False]
 [False False False False False False False False False False False False
  False False False False]
 [False False False False False False False False False False False False
  False False False False]
 [False False False False False False False False False False False False
  False False False False]]",99.5,False,False,1.0,1.0,False,False,False,False,1.0,1.0,1.0,1.0,1.0,False,False,False,False,False,False,False,False,False,False,False,1.0,1.0,False,False,False,0,"(0.0, 0.0, 50.0)",50.0,move,False,False,False,0.0,standby,-0.5,False,False,False,0.0,1.0,1.0,1.0,1.0,1.0,1.0,1.0,1.0,0.0,1.1666666666666667,1.0,1.0,0.0,1.1666666666666667,0.0,0.0,0.0,0.0,0.0,50.0,1.0,1.0,"[[ True False False False False False False False False False False False
  False False False False]
 [False False False False False False False False False False False False
  False False False False]
 [False False False False False False False False False False False False
  False False False False]
 [False False False False False False False False False False False False
  False False False False]
 [False False False False False False False False False False False False
  False False False False]
 [False False False False False False False False False False False False
  False False False False]
 [False False False False False False False False False False False False
  False False False False]
 [False False False False False False False False False False False False
  False False False False]
 [False False False False False False False False False False False False
  False False False False]
 [False False False False False False False False False False False False
  False False False False]
 [False False False False False False False False False False False False
  False False False False]
 [False False False False False False False False False False False False
  False False False False]
 [False False False False False False False False False False False False
  False False False False]
 [False False False False False False False False False False False False
  False False False False]
 [False False False False False False False False False False False False
  False False False False]
 [False False False False False False False False False False False False
  False False False False]]",99.5,False,False,1.0,1.0,False,False,False,False,1.0,1.0,1.0,1.0,1.0,False,False,False,False,False,False,False,False,False,False,False,1.0,1.0,False,False,False,0,"(0.0, 0.0, 50.0)",50.0,move,False,False,False,0.0,standby,-0.5,False,False,False,0.0,1.0,1.0,1.0,1.0,1.0,1.0,1.0,1.0,0.0,1.1666666666666667,1.0,1.0,0.0,1.1666666666666667,0.0,0.0,0.0,0.0,0.0,50.0,1.0,1.0,"[[ True False False False False False False False False False False False
  False False False False]
 [False False False False False False False False False False False False
  False False False False]
 [False False False False False False False False False False False False
  False False False False]
 [False False False False False False False False False False False False
  False False False False]
 [False False False False False False False False False False False False
  False False False False]
 [False False False False False False False False False False False False
  False False False False]
 [False False False False False False False False False False False False
  False False False False]
 [False False False False False False False False False False False False
  False False False False]
 [False False False False False False False False False False False False
  False False False False]
 [False False False False False False False False False False False False
  False False False False]
 [False False False False False False False False False False False False
  False False False False]
 [False False False False False False False False False False False False
  False False False False]
 [False False False False False False False False False False False False
  False False False False]
 [False False False False False False False False False False False False
  False False False False]
 [False False False False False False False False False False False False
  False False False False]
 [False False False False False False False False False False False False
  False False False False]]",99.5,False,False,1.0,1.0,False,False,False,False,1.0,1.0,1.0,1.0,1.0,False,False,False,False,False,False,False,False,False,False,False,1.0,1.0,False,False,False,0,"(0.0, 0.0, 50.0)",50.0,move,False,False,False,0.0,standby,-0.5,False,False,False,0.0,1.0,1.0,1.0,1.0,1.0,1.0,1.0,1.0,0.0,1.1666666666666667,1.0,1.0,0.0,1.1666666666666667,0.0,0.0,0.0,0.0,0.0,50.0,1.0,1.0,"[[ True False False False False False False False False False False False
  False False False False]
 [False False False False False False False False False False False False
  False False False False]
 [False False False False False False False False False False False False
  False False False False]
 [False False False False False False False False False False False False
  False False False False]
 [False False False False False False False False False False False False
  False False False False]
 [False False False False False False False False False False False False
  False False False False]
 [False False False False False False False False False False False False
  False False False False]
 [False False False False False False False False False False False False
  False False False False]
 [False False False False False False False False False False False False
  False False False False]
 [False False False False False False False False False False False False
  False False False False]
 [False False False False False False False False False False False False
  False False False False]
 [False False False False False False False False False False False False
  False False False False]
 [False False False False False False False False False False False False
  False False False False]
 [False False False False False False False False False False False False
  False False False False]
 [False False False False False False False False False False False False
  False False False False]
 [False False False False False False False False False False False False
  False False False False]]",99.5,False,False,1.0,1.0,False,False,False,False,1.0,1.0,1.0,1.0,1.0,False,False,False,False,False,False,False,False,False,False,False,1.0,1.0,False,False,False,0,"(0.0, 0.0, 50.0)",50.0,move,False,False,False,0.0,standby,-0.5,False,False,False
1.0,1.0,1.0,1.0,1.0,1.0,1.0,1.0,1.0,0.0,1.0,50.0,0.0,0.0,1.0,0.0,0.0,50.0,0.0,0.0,0.0,1.0,1.0,"[[ True False False False False False False False False False False False
  False False False False]
 [False False False False False False False False False False False False
  False False False False]
 [False False False False False False False False False False False False
  False False False False]
 [False False False False False False False False False False False False
  False False False False]
 [False False False False False False False False False False False False
  False False False False]
 [False False False False False False False False False False False False
  False False False False]
 [False False False False False False False False False False False False
  False False False False]
 [False False False False False False False False False False False False
  False False False False]
 [False False False False False False False False False False False False
  False False False False]
 [False False False False False False False False False False False False
  False False False False]
 [False False False False False False False False False False False False
  False False False False]
 [False False False False False False False False False False False False
  False False False False]
 [False False False False False False False False False False False False
  False False False False]
 [False False False False False False False False False False False False
  False False False False]
 [False False False False False False False False False False False False
  False False False False]
 [False False False False False False False False False False False False
  False False False False]]",99.0,False,False,1.0,1.0,False,False,False,False,1.0,1.0,1.0,1.0,1.0,False,False,False,False,False,False,False,False,False,False,False,1.0,1.0,False,False,False,0,"(0.0, 0.0, 50.0)",0.0,hover,False,False,False,1.0,ticking,0.0,False,False,False,1.0,1.0,1.0,1.0,1.0,1.0,1.0,1.0,1.0,0.0,1.0,50.0,0.0,0.0,1.0,0.0,0.0,50.0,0.0,0.0,0.0,1.0,1.0,"[[ True False False False False False False False False False False False
  False False False False]
 [False False False False False False False False False False False False
  False False False False]
 [False False False False False False False False False False False False
  False False False False]
 [False False False False False False False False False False False False
  False False False False]
 [False False False False False False False False False False False False
  False False False False]
 [False False False False False False False False False False False False
  False False False False]
 [False False False False False False False False False False False False
  False False False False]
 [False False False False False False False False False False False False
  False False False False]
 [False False False False False False False False False False False False
  False False False False]
 [False False False False False False False False False False False False
  False False False False]
 [False False False False False False False False False False False False
  False False False False]
 [False False False False False False False False False False False False
  False False False False]
 [False False False False False False False False False False False False
  False False False False]
 [False False False False False False False False False False False False
  False False False False]
 [False False False False False False False False False False False False
  False False False False]
 [False False False False False False False False False False False False
  False False False False]]",99.0,False,False,1.0,1.0,False,False,False,False,1.0,1.0,1.0,1.0,1.0,False,False,False,False,False,False,False,False,False,False,False,1.0,1.0,False,False,False,0,"(0.0, 0.0, 50.0)",0.0,hover,False,False,False,1.0,ticking,0.0,False,False,False,1.0,1.0,1.0,1.0,1.0,1.0,1.0,1.0,1.0,0.0,1.0,50.0,0.0,0.0,1.0,0.0,0.0,50.0,0.0,0.0,0.0,1.0,1.0,"[[ True False False False False False False False False False False False
  False False False False]
 [False False False False False False False False False False False False
  False False False False]
 [False False False False False False False False False False False False
  False False False False]
 [False False False False False False False False False False False False
  False False False False]
 [False False False False False False False False False False False False
  False False False False]
 [False False False False False False False False False False False False
  False False False False]
 [False False False False False False False False False False False False
  False False False False]
 [False False False False False False False False False False False False
  False False False False]
 [False False False False False False False False False False False False
  False False False False]
 [False False False False False False False False False False False False
  False False False False]
 [False False False False False False False False False False False False
  False False False False]
 [False False False False False False False False False False False False
  False False False False]
 [False False False False False False False False False False False False
  False False False False]
 [False False False False False False False False False False False False
  False False False False]
 [False False False False False False False False False False False False
  False False False False]
 [False False False False False False False False False False False False
  False False False False]]",99.0,False,False,1.0,1.0,False,False,False,False,1.0,1.0,1.0,1.0,1.0,False,False,False,False,False,False,False,False,False,False,False,1.0,1.0,False,False,False,0,"(0.0, 0.0, 50.0)",0.0,hover,False,False,False,1.0,ticking,0.0,False,False,False,1.0,1.0,1.0,1.0,1.0,1.0,1.0,1.0,1.0,0.0,1.0,50.0,0.0,0.0,1.0,0.0,0.0,50.0,0.0,0.0,0.0,1.0,1.0,"[[ True False False False False False False False False False False False
  False False False False]
 [False False False False False False False False False False False False
  False False False False]
 [False False False False False False False False False False False False
  False False False False]
 [False False False False False False False False False False False False
  False False False False]
 [False False False False False False False False False False False False
  False False False False]
 [False False False False False False False False False False False False
  False False False False]
 [False False False False False False False False False False False False
  False False False False]
 [False False False False False False False False False False False False
  False False False False]
 [False False False False False False False False False False False False
  False False False False]
 [False False False False False False False False False False False False
  False False False False]
 [False False False False False False False False False False False False
  False False False False]
 [False False False False False False False False False False False False
  False False False False]
 [False False False False False False False False False False False False
  False False False False]
 [False False False False False False False False False False False False
  False False False False]
 [False False False False False False False False False False False False
  False False False False]
 [False False False False False False False False False False False False
  False False False False]]",99.0,False,False,1.0,1.0,False,False,False,False,1.0,1.0,1.0,1.0,1.0,False,False,False,False,False,False,False,False,False,False,False,1.0,1.0,False,False,False,0,"(0.0, 0.0, 50.0)",0.0,hover,False,False,False,1.0,ticking,0.0,False,False,False,1.0,1.0,1.0,1.0,1.0,1.0,1.0,1.0,1.0,0.0,1.0,50.0,0.0,0.0,1.0,0.0,0.0,50.0,0.0,0.0,0.0,1.0,1.0,"[[ True False False False False False False False False False False False
  False False False False]
 [False False False False False False False False False False False False
  False False False False]
 [False False False False False False False False False False False False
  False False False False]
 [False False False False False False False False False False False False
  False False False False]
 [False False False False False False False False False False False False
  False False False False]
 [False False False False False False False False False False False False
  False False False False]
 [False False False False False False False False False False False False
  False False False False]
 [False False False False False False False False False False False False
  False False False False]
 [False False False False False False False False False False False False
  False False False False]
 [False False False False False False False False False False False False
  False False False False]
 [False False False False False False False False False False False False
  False False False False]
 [False False False False False False False False False False False False
  False False False False]
 [False False False False False False False False False False False False
  False False False False]
 [False False False False False False False False False False False False
  False False False False]
 [False False False False False False False False False False False False
  False False False False]
 [False False False False False False False False False False False False
  False False False False]]",99.0,False,False,1.0,1.0,False,False,False,False,1.0,1.0,1.0,1.0,1.0,False,False,False,False,False,False,False,False,False,False,False,1.0,1.0,False,False,False,0,"(0.0, 0.0, 50.0)",0.0,hover,False,False,False,1.0,ticking,0.0,False,False,False,1.0,1.0,1.0,1.0,1.0,1.0,1.0,1.0,1.0,0.0,1.0,50.0,0.0,0.0,1.0,0.0,0.0,50.0,0.0,0.0,0.0,1.0,1.0,"[[ True False False False False False False False False False False False
  False False False False]
 [False False False False False False False False False False False False
  False False False False]
 [False False False False False False False False False False False False
  False False False False]
 [False False False False False False False False False False False False
  False False False False]
 [False False False False False False False False False False False False
  False False False False]
 [False False False False False False False False False False False False
  False False False False]
 [False False False False False False False False False False False False
  False False False False]
 [False False False False False False False False False False False False
  False False False False]
 [False False False False False False False False False False False False
  False False False False]
 [False False False False False False False False False False False False
  False False False False]
 [False False False False False False False False False False False False
  False False False False]
 [False False False False False False False False False False False False
  False False False False]
 [False False False False False False False False False False False False
  False False False False]
 [False False False False False False False False False False False False
  False False False False]
 [False False False False False False False False False False False False
  False False False False]
 [False False False False False False False False False False False False
  False False False False]]",99.0,False,False,1.0,1.0,False,False,False,False,1.0,1.0,1.0,1.0,1.0,False,False,False,False,False,False,False,False,False,False,False,1.0,1.0,False,False,False,0,"(0.0, 0.0, 50.0)",0.0,hover,False,False,False,1.0,ticking,0.0,False,False,False,1.0,1.0,1.0,1.0,1.0,1.0,1.0,1.0,1.0,0.0,1.0,50.0,0.0,0.0,1.0,0.0,0.0,50.0,0.0,0.0,0.0,1.0,1.0,"[[ True False False False False False False False False False False False
  False False False False]
 [False False False False False False False False False False False False
  False False False False]
 [False False False False False False False False False False False False
  False False False False]
 [False False False False False False False False False False False False
  False False False False]
 [False False False False False False False False False False False False
  False False False False]
 [False False False False False False False False False False False False
  False False False False]
 [False False False False False False False False False False False False
  False False False False]
 [False False False False False False False False False False False False
  False False False False]
 [False False False False False False False False False False False False
  False False False False]
 [False False False False False False False False False False False False
  False False False False]
 [False False False False False False False False False False False False
  False False False False]
 [False False False False False False False False False False False False
  False False False False]
 [False False False False False False False False False False False False
  False False False False]
 [False False False False False False False False False False False False
  False False False False]
 [False False False False False False False False False False False False
  False False False False]
 [False False False False False False False False False False False False
  False False False False]]",99.0,False,False,1.0,1.0,False,False,False,False,1.0,1.0,1.0,1.0,1.0,False,False,False,False,False,False,False,False,False,False,False,1.0,1.0,False,False,False,0,"(0.0, 0.0, 50.0)",0.0,hover,False,False,False,1.0,ticking,0.0,False,False,False
2.0,1.0,1.0,1.0,1.0,1.0,1.0,1.0,1.0,0.0,1.0,0.0,0.0,0.0,1.0,0.0,0.0,50.0,0.0,0.0,0.0,1.0,1.0,"[[ True False False False False False False False False False False False
  False False False False]
 [False False False False False False False False False False False False
  False False False False]
 [False False False False False False False False False False False False
  False False False False]
 [False False False False False False False False False False False False
  False False False False]
 [False False False False False False False False False False False False
  False False False False]
 [False False False False False False False False False False False False
  False False False False]
 [False False False False False False False False False False False False
  False False False False]
 [False False False False False False False False False False False False
  False False False False]
 [False False False False False False False False False False False False
  False False False False]
 [False False False False False False False False False False False False
  False False False False]
 [False False False False False False False False False False False False
  False False False False]
 [False False False False False False False False False False False False
  False False False False]
 [False False False False False False False False False False False False
  False False False False]
 [False False False False False False False False False False False False
  False False False False]
 [False False False False False False False False False False False False
  False False False False]
 [False False False False False False False False False False False False
  False False False False]]",98.5,False,False,1.0,1.0,False,False,False,False,1.0,1.0,1.0,1.0,1.0,False,False,False,False,False,False,False,False,False,False,False,1.0,1.0,False,False,False,0,"(0.0, 0.0, 50.0)",0.0,hover,False,False,False,2.0,ticking,0.0,False,False,False,2.0,1.0,1.0,1.0,1.0,1.0,1.0,1.0,1.0,0.0,1.0,0.0,0.0,0.0,1.0,0.0,0.0,50.0,0.0,0.0,0.0,1.0,1.0,"[[ True False False False False False False False False False False False
  False False False False]
 [False False False False False False False False False False False False
  False False False False]
 [False False False False False False False False False False False False
  False False False False]
 [False False False False False False False False False False False False
  False False False False]
 [False False False False False False False False False False False False
  False False False False]
 [False False False False False False False False False False False False
  False False False False]
 [False False False False False False False False False False False False
  False False False False]
 [False False False False False False False False False False False False
  False False False False]
 [False False False False False False False False False False False False
  False False False False]
 [False False False False False False False False False False False False
  False False False False]
 [False False False False False False False False False False False False
  False False False False]
 [False False False False False False False False False False False False
  False False False False]
 [False False False False False False False False False False False False
  False False False False]
 [False False False False False False False False False False False False
  False False False False]
 [False False False False False False False False False False False False
  False False False False]
 [False False False False False False False False False False False False
  False False False False]]",98.5,False,False,1.0,1.0,False,False,False,False,1.0,1.0,1.0,1.0,1.0,False,False,False,False,False,False,False,False,False,False,False,1.0,1.0,False,False,False,0,"(0.0, 0.0, 50.0)",0.0,hover,False,False,False,2.0,ticking,0.0,False,False,False,2.0,1.0,1.0,1.0,1.0,1.0,1.0,1.0,1.0,0.0,1.0,0.0,0.0,0.0,1.0,0.0,0.0,50.0,0.0,0.0,0.0,1.0,1.0,"[[ True False False False False False False False False False False False
  False False False False]
 [False False False False False False False False False False False False
  False False False False]
 [False False False False False False False False False False False False
  False False False False]
 [False False False False False False False False False False False False
  False False False False]
 [False False False False False False False False False False False False
  False False False False]
 [False False False False False False False False False False False False
  False False False False]
 [False False False False False False False False False False False False
  False False False False]
 [False False False False False False False False False False False False
  False False False False]
 [False False False False False False False False False False False False
  False False False False]
 [False False False False False False False False False False False False
  False False False False]
 [False False False False False False False False False False False False
  False False False False]
 [False False False False False False False False False False False False
  False False False False]
 [False False False False False False False False False False False False
  False False False False]
 [False False False False False False False False False False False False
  False False False False]
 [False False False False False False False False False False False False
  False False False False]
 [False False False False False False False False False False False False
  False False False False]]",98.5,False,False,1.0,1.0,False,False,False,False,1.0,1.0,1.0,1.0,1.0,False,False,False,False,False,False,False,False,False,False,False,1.0,1.0,False,False,False,0,"(0.0, 0.0, 50.0)",0.0,hover,False,False,False,2.0,ticking,0.0,False,False,False,2.0,1.0,1.0,1.0,1.0,1.0,1.0,1.0,1.0,0.0,1.0,0.0,0.0,0.0,1.0,0.0,0.0,50.0,0.0,0.0,0.0,1.0,1.0,"[[ True False False False False False False False False False False False
  False False False False]
 [False False False False False False False False False False False False
  False False False False]
 [False False False False False False False False False False False False
  False False False False]
 [False False False False False False False False False False False False
  False False False False]
 [False False False False False False False False False False False False
  False False False False]
 [False False False False False False False False False False False False
  False False False False]
 [False False False False False False False False False False False False
  False False False False]
 [False False False False False False False False False False False False
  False False False False]
 [False False False False False False False False False False False False
  False False False False]
 [False False False False False False False False False False False False
  False False False False]
 [False False False False False False False False False False False False
  False False False False]
 [False False False False False False False False False False False False
  False False False False]
 [False False False False False False False False False False False False
  False False False False]
 [False False False False False False False False False False False False
  False False False False]
 [False False False False False False False False False False False False
  False False False False]
 [False False False False False False False False False False False False
  False False False False]]",98.5,False,False,1.0,1.0,False,False,False,False,1.0,1.0,1.0,1.0,1.0,False,False,False,False,False,False,False,False,False,False,False,1.0,1.0,False,False,False,0,"(0.0, 0.0, 50.0)",0.0,hover,False,False,False,2.0,ticking,0.0,False,False,False,2.0,1.0,1.0,1.0,1.0,1.0,1.0,1.0,1.0,0.0,1.0,0.0,0.0,0.0,1.0,0.0,0.0,50.0,0.0,0.0,0.0,1.0,1.0,"[[ True False False False False False False False False False False False
  False False False False]
 [False False False False False False False False False False False False
  False False False False]
 [False False False False False False False False False False False False
  False False False False]
 [False False False False False False False False False False False False
  False False False False]
 [False False False False False False False False False False False False
  False False False False]
 [False False False False False False False False False False False False
  False False False False]
 [False False False False False False False False False False False False
  False False False False]
 [False False False False False False False False False False False False
  False False False False]
 [False False False False False False False False False False False False
  False False False False]
 [False False False False False False False False False False False False
  False False False False]
 [False False False False False False False False False False False False
  False False False False]
 [False False False False False False False False False False False False
  False False False False]
 [False False False False False False False False False False False False
  False False False False]
 [False False False False False False False False False False False False
  False False False False]
 [False False False False False False False False False False False False
  False False False False]
 [False False False False False False False False False False False False
  False False False False]]",98.5,False,False,1.0,1.0,False,False,False,False,1.0,1.0,1.0,1.0,1.0,False,False,False,False,False,False,False,False,False,False,False,1.0,1.0,False,False,False,0,"(0.0, 0.0, 50.0)",0.0,hover,False,False,False,2.0,ticking,0.0,False,False,False,2.0,1.0,1.0,1.0,1.0,1.0,1.0,1.0,1.0,0.0,1.0,0.0,0.0,0.0,1.0,0.0,0.0,50.0,0.0,0.0,0.0,1.0,1.0,"[[ True False False False False False False False False False False False
  False False False False]
 [False False False False False False False False False False False False
  False False False False]
 [False False False False False False False False False False False False
  False False False False]
 [False False False False False False False False False False False False
  False False False False]
 [False False False False False False False False False False False False
  False False False False]
 [False False False False False False False False False False False False
  False False False False]
 [False False False False False False False False False False False False
  False False False False]
 [False False False False False False False False False False False False
  False False False False]
 [False False False False False False False False False False False False
  False False False False]
 [False False False False False False False False False False False False
  False False False False]
 [False False False False False False False False False False False False
  False False False False]
 [False False False False False False False False False False False False
  False False False False]
 [False False False False False False False False False False False False
  False False False False]
 [False False False False False False False False False False False False
  False False False False]
 [False False False False False False False False False False False False
  False False False False]
 [False False False False False False False False False False False False
  False False False False]]",98.5,False,False,1.0,1.0,False,False,False,False,1.0,1.0,1.0,1.0,1.0,False,False,False,False,False,False,False,False,False,False,False,1.0,1.0,False,False,False,0,"(0.0, 0.0, 50.0)",0.0,hover,False,False,False,2.0,ticking,0.0,False,False,False,2.0,1.0,1.0,1.0,1.0,1.0,1.0,1.0,1.0,0.0,1.0,0.0,0.0,0.0,1.0,0.0,0.0,50.0,0.0,0.0,0.0,1.0,1.0,"[[ True False False False False False False False False False False False
  False False False False]
 [False False False False False False False False False False False False
  False False False False]
 [False False False False False False False False False False False False
  False False False False]
 [False False False False False False False False False False False False
  False False False False]
 [False False False False False False False False False False False False
  False False False False]
 [False False False False False False False False False False False False
  False False False False]
 [False False False False False False False False False False False False
  False False False False]
 [False False False False False False False False False False False False
  False False False False]
 [False False False False False False False False False False False False
  False False False False]
 [False False False False False False False False False False False False
  False False False False]
 [False False False False False False False False False False False False
  False False False False]
 [False False False False False False False False False False False False
  False False False False]
 [False False False False False False False False False False False False
  False False False False]
 [False False False False False False False False False False False False
  False False False False]
 [False False False False False False False False False False False False
  False False False False]
 [False False False False False False False False False False False False
  False False False False]]",98.5,False,False,1.0,1.0,False,False,False,False,1.0,1.0,1.0,1.0,1.0,False,False,False,False,False,False,False,False,False,False,False,1.0,1.0,False,False,False,0,"(0.0, 0.0, 50.0)",0.0,hover,False,False,False,2.0,ticking,0.0,False,False,False
3.0,1.0,1.0,1.0,1.0,1.0,1.0,1.0,1.0,1.0,1.0,0.0,0.0,1.0,1.0,0.0,0.0,50.0,100.0,0.0,0.0,1.0,1.0,"[[ True False False False False False False False False False False False
  False False False False]
 [False False False False False False False False False False False False
  False False False False]
 [False False False False False False False False False False False False
  False False False False]
 [False False False False False False False False False False False False
  False False False False]
 [False False False False False False False False False False False False
  False False False False]
 [False False False False False False False False False False False False
  False False False False]
 [False False False False False False False False False False False False
  False False False False]
 [False False False False False False False False False False False False
  False False False False]
 [False False False False False False False False False False False False
  False False False False]
 [False False False False False False False False False False False False
  False False False False]
 [False False False False False False False False False False False False
  False False False False]
 [False False False False False False False False False False False False
  False False False False]
 [False False False False False False False False False False False False
  False False False False]
 [False False False False False False False False False False False False
  False False False False]
 [False False False False False False False False False False False False
  False False False False]
 [False False False False False False False False False False False False
  False False False False]]",98.0,False,False,1.0,1.0,False,False,False,False,1.0,1.0,1.0,1.0,1.0,False,False,False,False,False,False,False,False,False,False,False,1.0,1.0,False,False,False,1,"(100.0, 0.0, 50.0)",100.0,move,False,False,False,0.0,standby,0.0,False,False,False,3.0,1.0,1.0,1.0,1.0,1.0,1.0,1.0,1.0,1.0,1.0,0.0,0.0,1.0,1.0,0.0,0.0,50.0,100.0,0.0,0.0,1.0,1.0,"[[ True False False False False False False False False False False False
  False False False False]
 [False False False False False False False False False False False False
  False False False False]
 [False False False False False False False False False False False False
  False False False False]
 [False False False False False False False False False False False False
  False False False False]
 [False False False False False False False False False False False False
  False False False False]
 [False False False False False False False False False False False False
  False False False False]
 [False False False False False False False False False False False False
  False False False False]
 [False False False False False False False False False False False False
  False False False False]
 [False False False False False False False False False False False False
  False False False False]
 [False False False False False False False False False False False False
  False False False False]
 [False False False False False False False False False False False False
  False False False False]
 [False False False False False False False False False False False False
  False False False False]
 [False False False False False False False False False False False False
  False False False False]
 [False False False False False False False False False False False False
  False False False False]
 [False False False False False False False False False False False False
  False False False False]
 [False False False False False False False False False False False False
  False False False False]]",98.0,False,False,1.0,1.0,False,False,False,False,1.0,1.0,1.0,1.0,1.0,False,False,False,False,False,False,False,False,False,False,False,1.0,1.0,False,False,False,1,"(100.0, 0.0, 50.0)",100.0,move,False,False,False,0.0,standby,0.0,False,False,False,3.0,1.0,1.0,1.0,1.0,1.0,1.0,1.0,1.0,1.0,1.0,0.0,0.0,1.0,1.0,0.0,0.0,50.0,100.0,0.0,0.0,1.0,1.0,"[[ True False False False False False False False False False False False
  False False False False]
 [False False False False False False False False False False False False
  False False False False]
 [False False False False False False False False False False False False
  False False False False]
 [False False False False False False False False False False False False
  False False False False]
 [False False False False False False False False False False False False
  False False False False]
 [False False False False False False False False False False False False
  False False False False]
 [False False False False False False False False False False False False
  False False False False]
 [False False False False False False False False False False False False
  False False False False]
 [False False False False False False False False False False False False
  False False False False]
 [False False False False False False False False False False False False
  False False False False]
 [False False False False False False False False False False False False
  False False False False]
 [False False False False False False False False False False False False
  False False False False]
 [False False False False False False False False False False False False
  False False False False]
 [False False False False False False False False False False False False
  False False False False]
 [False False False False False False False False False False False False
  False False False False]
 [False False False False False False False False False False False False
  False False False False]]",98.0,False,False,1.0,1.0,False,False,False,False,1.0,1.0,1.0,1.0,1.0,False,False,False,False,False,False,False,False,False,False,False,1.0,1.0,False,False,False,1,"(100.0, 0.0, 50.0)",100.0,move,False,False,False,0.0,standby,0.0,False,False,False,3.0,1.0,1.0,1.0,1.0,1.0,1.0,1.0,1.0,1.0,1.0,0.0,0.0,1.0,1.0,0.0,0.0,50.0,100.0,0.0,0.0,1.0,1.0,"[[ True False False False False False False False False False False False
  False False False False]
 [False False False False False False False False False False False False
  False False False False]
 [False False False False False False False False False False False False
  False False False False]
 [False False False False False False False False False False False False
  False False False False]
 [False False False False False False False False False False False False
  False False False False]
 [False False False False False False False False False False False False
  False False False False]
 [False False False False False False False False False False False False
  False False False False]
 [False False False False False False False False False False False False
  False False False False]
 [False False False False False False False False False False False False
  False False False False]
 [False False False False False False False False False False False False
  False False False False]
 [False False False False False False False False False False False False
  False False False False]
 [False False False False False False False False False False False False
  False False False False]
 [False False False False False False False False False False False False
  False False False False]
 [False False False False False False False False False False False False
  False False False False]
 [False False False False False False False False False False False False
  False False False False]
 [False False False False False False False False False False False False
  False False False False]]",98.0,False,False,1.0,1.0,False,False,False,False,1.0,1.0,1.0,1.0,1.0,False,False,False,False,False,False,False,False,False,False,False,1.0,1.0,False,False,False,1,"(100.0, 0.0, 50.0)",100.0,move,False,False,False,0.0,standby,0.0,False,False,False,3.0,1.0,1.0,1.0,1.0,1.0,1.0,1.0,1.0,1.0,1.0,0.0,0.0,1.0,1.0,0.0,0.0,50.0,100.0,0.0,0.0,1.0,1.0,"[[ True False False False False False False False False False False False
  False False False False]
 [False False False False False False False False False False False False
  False False False False]
 [False False False False False False False False False False False False
  False False False False]
 [False False False False False False False False False False False False
  False False False False]
 [False False False False False False False False False False False False
  False False False False]
 [False False False False False False False False False False False False
  False False False False]
 [False False False False False False False False False False False False
  False False False False]
 [False False False False False False False False False False False False
  False False False False]
 [False False False False False False False False False False False False
  False False False False]
 [False False False False False False False False False False False False
  False False False False]
 [False False False False False False False False False False False False
  False False False False]
 [False False False False False False False False False False False False
  False False False False]
 [False False False False False False False False False False False False
  False False False False]
 [False False False False False False False False False False False False
  False False False False]
 [False False False False False False False False False False False False
  False False False False]
 [False False False False False False False False False False False False
  False False False False]]",98.0,False,False,1.0,1.0,False,False,False,False,1.0,1.0,1.0,1.0,1.0,False,False,False,False,False,False,False,False,False,False,False,1.0,1.0,False,False,False,1,"(100.0, 0.0, 50.0)",100.0,move,False,False,False,0.0,standby,0.0,False,False,False,3.0,1.0,1.0,1.0,1.0,1.0,1.0,1.0,1.0,1.0,1.0,0.0,0.0,1.0,1.0,0.0,0.0,50.0,100.0,0.0,0.0,1.0,1.0,"[[ True False False False False False False False False False False False
  False False False False]
 [False False False False False False False False False False False False
  False False False False]
 [False False False False False False False False False False False False
  False False False False]
 [False False False False False False False False False False False False
  False False False False]
 [False False False False False False False False False False False False
  False False False False]
 [False False False False False False False False False False False False
  False False False False]
 [False False False False False False False False False False False False
  False False False False]
 [False False False False False False False False False False False False
  False False False False]
 [False False False False False False False False False False False False
  False False False False]
 [False False False False False False False False False False False False
  False False False False]
 [False False False False False False False False False False False False
  False False False False]
 [False False False False False False False False False False False False
  False False False False]
 [False False False False False False False False False False False False
  False False False False]
 [False False False False False False False False False False False False
  False False False False]
 [False False False False False False False False False False False False
  False False False False]
 [False False False False False False False False False False False False
  False False False False]]",98.0,False,False,1.0,1.0,False,False,False,False,1.0,1.0,1.0,1.0,1.0,False,False,False,False,False,False,False,False,False,False,False,1.0,1.0,False,False,False,1,"(100.0, 0.0, 50.0)",100.0,move,False,False,False,0.0,standby,0.0,False,False,False,3.0,1.0,1.0,1.0,1.0,1.0,1.0,1.0,1.0,1.0,1.0,0.0,0.0,1.0,1.0,0.0,0.0,50.0,100.0,0.0,0.0,1.0,1.0,"[[ True False False False False False False False False False False False
  False False False False]
 [False False False False False False False False False False False False
  False False False False]
 [False False False False False False False False False False False False
  False False False False]
 [False False False False False False False False False False False False
  False False False False]
 [False False False False False False False False False False False False
  False False False False]
 [False False False False False False False False False False False False
  False False False False]
 [False False False False False False False False False False False False
  False False False False]
 [False False False False False False False False False False False False
  False False False False]
 [False False False False False False False False False False False False
  False False False False]
 [False False False False False False False False False False False False
  False False False False]
 [False False False False False False False False False False False False
  False False False False]
 [False False False False False False False False False False False False
  False False False False]
 [False False False False False False False False False False False False
  False False False False]
 [False False False False False False False False False False False False
  False False False False]
 [False False False False False False False False False False False False
  False False False False]
 [False False False False False False False False False False False False
  False False False False]]",98.0,False,False,1.0,1.0,False,False,False,False,1.0,1.0,1.0,1.0,1.0,False,False,False,False,False,False,False,False,False,False,False,1.0,1.0,False,False,False,1,"(100.0, 0.0, 50.0)",100.0,move,False,False,False,0.0,standby,0.0,False,False,False
4.0,1.0,1.0,1.0,1.0,1.0,1.0,1.0,1.0,0.0,1.0,0.0,100.0,0.0,1.0,100.0,0.0,50.0,0.0,0.0,0.0,1.0,1.0,"[[ True False False False False False False False False False False False
  False False False False]
 [False False False False False False False False False False False False
  False False False False]
 [False False False False False False False False False False False False
  False False False False]
 [False False False False False False False False False False False False
  False False False False]
 [False False False False False False False False False False False False
  False False False False]
 [False False False False False False False False False False False False
  False False False False]
 [False False False False False False False False False False False False
  False False False False]
 [False False False False False False False False False False False False
  False False False False]
 [False False False False False False False False False False False False
  False False False False]
 [False False False False False False False False False False False False
  False False False False]
 [False False False False False False False False False False False False
  False False False False]
 [False False False False False False False False False False False False
  False False False False]
 [False False False False False False False False False False False False
  False False False False]
 [False False False False False False False False False False False False
  False False False False]
 [False False False False False False False False False False False False
  False False False False]
 [False False False False False False False False False False False False
  False False False False]]",97.5,False,False,1.0,1.0,False,False,False,False,1.0,1.0,1.0,1.0,1.0,False,False,False,False,False,False,False,False,False,False,False,1.0,1.0,False,False,False,1,"(100.0, 0.0, 50.0)",0.0,hover,False,False,False,1.0,ticking,0.0,False,False,False,4.0,1.0,1.0,1.0,1.0,1.0,1.0,1.0,1.0,0.0,1.0,0.0,100.0,0.0,1.0,100.0,0.0,50.0,0.0,0.0,0.0,1.0,1.0,"[[ True False False False False False False False False False False False
  False False False False]
 [False False False False False False False False False False False False
  False False False False]
 [False False False False False False False False False False False False
  False False False False]
 [False False False False False False False False False False False False
  False False False False]
 [False False False False False False False False False False False False
  False False False False]
 [False False False False False False False False False False False False
  False False False False]
 [False False False False False False False False False False False False
  False False False False]
 [False False False False False False False False False False False False
  False False False False]
 [False False False False False False False False False False False False
  False False False False]
 [False False False False False False False False False False False False
  False False False False]
 [False False False False False False False False False False False False
  False False False False]
 [False False False False False False False False False False False False
  False False False False]
 [False False False False False False False False False False False False
  False False False False]
 [False False False False False False False False False False False False
  False False False False]
 [False False False False False False False False False False False False
  False False False False]
 [False False False False False False False False False False False False
  False False False False]]",97.5,False,False,1.0,1.0,False,False,False,False,1.0,1.0,1.0,1.0,1.0,False,False,False,False,False,False,False,False,False,False,False,1.0,1.0,False,False,False,1,"(100.0, 0.0, 50.0)",0.0,hover,False,False,False,1.0,ticking,0.0,False,False,False,4.0,1.0,1.0,1.0,1.0,1.0,1.0,1.0,1.0,0.0,1.0,0.0,100.0,0.0,1.0,100.0,0.0,50.0,0.0,0.0,0.0,1.0,1.0,"[[ True False False False False False False False False False False False
  False False False False]
 [False False False False False False False False False False False False
  False False False False]
 [False False False False False False False False False False False False
  False False False False]
 [False False False False False False False False False False False False
  False False False False]
 [False False False False False False False False False False False False
  False False False False]
 [False False False False False False False False False False False False
  False False False False]
 [False False False False False False False False False False False False
  False False False False]
 [False False False False False False False False False False False False
  False False False False]
 [False False False False False False False False False False False False
  False False False False]
 [False False False False False False False False False False False False
  False False False False]
 [False False False False False False False False False False False False
  False False False False]
 [False False False False False False False False False False False False
  False False False False]
 [False False False False False False False False False False False False
  False False False False]
 [False False False False False False False False False False False False
  False False False False]
 [False False False False False False False False False False False False
  False False False False]
 [False False False False False False False False False False False False
  False False False False]]",97.5,False,False,1.0,1.0,False,False,False,False,1.0,1.0,1.0,1.0,1.0,False,False,False,False,False,False,False,False,False,False,False,1.0,1.0,False,False,False,1,"(100.0, 0.0, 50.0)",0.0,hover,False,False,False,1.0,ticking,0.0,False,False,False,4.0,1.0,1.0,1.0,1.0,1.0,1.0,1.0,1.0,0.0,1.0,0.0,100.0,0.0,1.0,100.0,0.0,50.0,0.0,0.0,0.0,1.0,1.0,"[[ True False False False False False False False False False False False
  False False False False]
 [False False False False False False False False False False False False
  False False False False]
 [False False False False False False False False False False False False
  False False False False]
 [False False False False False False False False False False False False
  False False False False]
 [False False False False False False False False False False False False
  False False False False]
 [False False False False False False False False False False False False
  False False False False]
 [False False False False False False False False False False False False
  False False False False]
 [False False False False False False False False False False False False
  False False False False]
 [False False False False False False False False False False False False
  False False False False]
 [False False False False False False False False False False False False
  False False False False]
 [False False False False False False False False False False False False
  False False False False]
 [False False False False False False False False False False False False
  False False False False]
 [False False False False False False False False False False False False
  False False False False]
 [False False False False False False False False False False False False
  False False False False]
 [False False False False False False False False False False False False
  False False False False]
 [False False False False False False False False False False False False
  False False False False]]",97.5,False,False,1.0,1.0,False,False,False,False,1.0,1.0,1.0,1.0,1.0,False,False,False,False,False,False,False,False,False,False,False,1.0,1.0,False,False,False,1,"(100.0, 0.0, 50.0)",0.0,hover,False,False,False,1.0,ticking,0.0,False,False,False,4.0,1.0,1.0,1.0,1.0,1.0,1.0,1.0,1.0,0.0,1.0,0.0,100.0,0.0,1.0,100.0,0.0,50.0,0.0,0.0,0.0,1.0,1.0,"[[ True False False False False False False False False False False False
  False False False False]
 [False False False False False False False False False False False False
  False False False False]
 [False False False False False False False False False False False False
  False False False False]
 [False False False False False False False False False False False False
  False False False False]
 [False False False False False False False False False False False False
  False False False False]
 [False False False False False False False False False False False False
  False False False False]
 [False False False False False False False False False False False False
  False False False False]
 [False False False False False False False False False False False False
  False False False False]
 [False False False False False False False False False False False False
  False False False False]
 [False False False False False False False False False False False False
  False False False False]
 [False False False False False False False False False False False False
  False False False False]
 [False False False False False False False False False False False False
  False False False False]
 [False False False False False False False False False False False False
  False False False False]
 [False False False False False False False False False False False False
  False False False False]
 [False False False False False False False False False False False False
  False False False False]
 [False False False False False False False False False False False False
  False False False False]]",97.5,False,False,1.0,1.0,False,False,False,False,1.0,1.0,1.0,1.0,1.0,False,False,False,False,False,False,False,False,False,False,False,1.0,1.0,False,False,False,1,"(100.0, 0.0, 50.0)",0.0,hover,False,False,False,1.0,ticking,0.0,False,False,False,4.0,1.0,1.0,1.0,1.0,1.0,1.0,1.0,1.0,0.0,1.0,0.0,100.0,0.0,1.0,100.0,0.0,50.0,0.0,0.0,0.0,1.0,1.0,"[[ True False False False False False False False False False False False
  False False False False]
 [False False False False False False False False False False False False
  False False False False]
 [False False False False False False False False False False False False
  False False False False]
 [False False False False False False False False False False False False
  False False False False]
 [False False False False False False False False False False False False
  False False False False]
 [False False False False False False False False False False False False
  False False False False]
 [False False False False False False False False False False False False
  False False False False]
 [False False False False False False False False False False False False
  False False False False]
 [False False False False False False False False False False False False
  False False False False]
 [False False False False False False False False False False False False
  False False False False]
 [False False False False False False False False False False False False
  False False False False]
 [False False False False False False False False False False False False
  False False False False]
 [False False False False False False False False False False False False
  False False False False]
 [False False False False False False False False False False False False
  False False False False]
 [False False False False False False False False False False False False
  False False False False]
 [False False False False False False False False False False False False
  False False False False]]",97.5,False,False,1.0,1.0,False,False,False,False,1.0,1.0,1.0,1.0,1.0,False,False,False,False,False,False,False,False,False,False,False,1.0,1.0,False,False,False,1,"(100.0, 0.0, 50.0)",0.0,hover,False,False,False,1.0,ticking,0.0,False,False,False,4.0,1.0,1.0,1.0,1.0,1.0,1.0,1.0,1.0,0.0,1.0,0.0,100.0,0.0,1.0,100.0,0.0,50.0,0.0,0.0,0.0,1.0,1.0,"[[ True False False False False False False False False False False False
  False False False False]
 [False False False False False False False False False False False False
  False False False False]
 [False False False False False False False False False False False False
  False False False False]
 [False False False False False False False False False False False False
  False False False False]
 [False False False False False False False False False False False False
  False False False False]
 [False False False False False False False False False False False False
  False False False False]
 [False False False False False False False False False False False False
  False False False False]
 [False False False False False False False False False False False False
  False False False False]
 [False False False False False False False False False False False False
  False False False False]
 [False False False False False False False False False False False False
  False False False False]
 [False False False False False False False False False False False False
  False False False False]
 [False False False False False False False False False False False False
  False False False False]
 [False False False False False False False False False False False False
  False False False False]
 [False False False False False False False False False False False False
  False False False False]
 [False False False False False False False False False False False False
  False False False False]
 [False False False False False False False False False False False False
  False False False False]]",97.5,False,False,1.0,1.0,False,False,False,False,1.0,1.0,1.0,1.0,1.0,False,False,False,False,False,False,False,False,False,False,False,1.0,1.0,False,False,False,1,"(100.0, 0.0, 50.0)",0.0,hover,False,False,False,1.0,ticking,0.0,False,False,False
5.0,1.0,1.0,1.0,1.0,1.0,1.0,1.0,1.0,0.0,1.0,0.0,0.0,0.0,1.0,100.0,0.0,50.0,0.0,0.0,0.0,1.0,1.0,"[[ True False False False False False False False False False False False
  False False False False]
 [False False False False False False False False False False False False
  False False False False]
 [False False False False False False False False False False False False
  False False False False]
 [False False False False False False False False False False False False
  False False False False]
 [False False False False False False False False False False False False
  False False False False]
 [False False False False False False False False False False False False
  False False False False]
 [False False False False False False False False False False False False
  False False False False]
 [False False False False False False False False False False False False
  False False False False]
 [False False False False False False False False False False False False
  False False False False]
 [False False False False False False False False False False False False
  False False False False]
 [False False False False False False False False False False False False
  False False False False]
 [False False False False False False False False False False False False
  False False False False]
 [False False False False False False False False False False False False
  False False False False]
 [False False False False False False False False False False False False
  False False False False]
 [False False False False False False False False False False False False
  False False False False]
 [False False False False False False False False False False False False
  False False False False]]",97.0,False,False,1.0,1.0,False,False,False,False,1.0,1.0,1.0,1.0,1.0,False,False,False,False,False,False,False,False,False,False,False,1.0,1.0,False,False,False,1,"(100.0, 0.0, 50.0)",0.0,hover,False,False,False,2.0,ticking,0.0,False,False,False,5.0,1.0,1.0,0.0,0.0,1.0,0.0,1.0,0.0,0.0,0.0,0.0,0.0,0.0,0.0,100.0,0.0,50.0,0.0,0.0,0.0,0.0,1.0,"[[ True False False False False False False False False False False False
  False False False False]
 [False False False False False False False False False False False False
  False False False False]
 [False False False False False False False False False False False False
  False False False False]
 [False False False False False False False False False False False False
  False False False False]
 [False False False False False False False False False False False False
  False False False False]
 [False False False False False False False False False False False False
  False False False False]
 [False False False False False False False False False False False False
  False False False False]
 [False False False False False False False False False False False False
  False False False False]
 [False False False False False False False False False False False False
  False False False False]
 [False False False False False False False False False False False False
  False False False False]
 [False False False False False False False False False False False False
  False False False False]
 [False False False False False False False False False False False False
  False False False False]
 [False False False False False False False False False False False False
  False False False False]
 [False False False False False False False False False False False False
  False False False False]
 [False False False False False False False False False False False False
  False False False False]
 [False False False False False False False False False False False False
  False False False False]]",97.5,True,False,1.0,1.0,False,False,False,False,1.0,1.0,1.0,1.0,1.0,False,False,False,False,False,False,False,False,False,False,False,1.0,0.0,False,False,False,1,"(100.0, 0.0, 50.0)",0.0,hover,False,False,False,2.0,ticking,0.0,False,False,False,5.0,1.0,1.0,1.0,1.0,1.0,1.0,1.0,1.0,0.0,1.0,0.0,0.0,0.0,1.0,100.0,0.0,50.0,0.0,0.0,0.0,1.0,1.0,"[[ True False False False False False False False False False False False
  False False False False]
 [False False False False False False False False False False False False
  False False False False]
 [False False False False False False False False False False False False
  False False False False]
 [False False False False False False False False False False False False
  False False False False]
 [False False False False False False False False False False False False
  False False False False]
 [False False False False False False False False False False False False
  False False False False]
 [False False False False False False False False False False False False
  False False False False]
 [False False False False False False False False False False False False
  False False False False]
 [False False False False False False False False False False False False
  False False False False]
 [False False False False False False False False False False False False
  False False False False]
 [False False False False False False False False False False False False
  False False False False]
 [False False False False False False False False False False False False
  False False False False]
 [False False False False False False False False False False False False
  False False False False]
 [False False False False False False False False False False False False
  False False False False]
 [False False False False False False False False False False False False
  False False False False]
 [False False False False False False False False False False False False
  False False False False]]",97.0,False,False,1.0,1.0,False,False,False,False,1.0,1.0,1.0,1.0,1.0,False,False,False,False,False,False,False,False,False,False,False,1.0,1.0,False,False,False,1,"(100.0, 0.0, 50.0)",0.0,hover,False,False,False,2.0,ticking,0.0,False,False,False,5.0,1.0,1.0,1.0,1.0,1.0,1.0,1.0,1.0,0.0,1.0,0.0,0.0,0.0,1.0,100.0,0.0,50.0,0.0,0.0,0.0,1.0,1.0,"[[ True False False False False False False False False False False False
  False False False False]
 [False False False False False False False False False False False False
  False False False False]
 [False False False False False False False False False False False False
  False False False False]
 [False False False False False False False False False False False False
  False False False False]
 [False False False False False False False False False False False False
  False False False False]
 [False False False False False False False False False False False False
  False False False False]
 [False False False False False False False False False False False False
  False False False False]
 [False False False False False False False False False False False False
  False False False False]
 [False False False False False False False False False False False False
  False False False False]
 [False False False False False False False False False False False False
  False False False False]
 [False False False False False False False False False False False False
  False False False False]
 [False False False False False False False False False False False False
  False False False False]
 [False False False False False False False False False False False False
  False False False False]
 [False False False False False False False False False False False False
  False False False False]
 [False False False False False False False False False False False False
  False False False False]
 [False False False False False False False False False False False False
  False False False False]]",97.0,False,False,1.0,1.0,False,False,False,False,1.0,1.0,1.0,1.0,1.0,False,False,False,False,False,False,False,False,False,False,False,1.0,1.0,False,False,False,1,"(100.0, 0.0, 50.0)",0.0,hover,False,False,False,2.0,ticking,0.0,False,False,False,5.0,1.0,1.0,1.9000000000000001,1.0,2.0,1.0,1.0,1.0,0.0,1.0,0.0,0.0,0.0,2.0,100.0,0.0,50.0,0.0,0.0,0.0,1.0,1.0,"[[ True False False False False False False False False False False False
  False False False False]
 [False False False False False False False False False False False False
  False False False False]
 [False False False False False False False False False False False False
  False False False False]
 [False False False False False False False False False False False False
  False False False False]
 [False False False False False False False False False False False False
  False False False False]
 [False False False False False False False False False False False False
  False False False False]
 [False False False False False False False False False False False False
  False False False False]
 [False False False False False False False False False False False False
  False False False False]
 [False False False False False False False False False False False False
  False False False False]
 [False False False False False False False False False False False False
  False False False False]
 [False False False False False False False False False False False False
  False False False False]
 [False False False False False False False False False False False False
  False False False False]
 [False False False False False False False False False False False False
  False False False False]
 [False False False False False False False False False False False False
  False False False False]
 [False False False False False False False False False False False False
  False False False False]
 [False False False False False False False False False False False False
  False False False False]]",97.0,False,False,1.0,1.0,False,False,False,False,1.0,1.0,2.0,1.0,1.0,False,False,True,False,False,False,False,False,False,False,False,1.0,1.0,False,False,False,1,"(100.0, 0.0, 50.0)",0.0,hover,False,False,False,2.0,ticking,0.0,False,False,False,5.0,1.0,1.0,1.0,1.0,1.0,1.0,1.0,1.0,0.0,1.0,0.0,0.0,0.0,1.0,100.0,0.0,50.0,0.0,0.0,0.0,1.0,1.0,"[[ True False False False False False False False False False False False
  False False False False]
 [False False False False False False False False False False False False
  False False False False]
 [False False False False False False False False False False False False
  False False False False]
 [False False False False False False False False False False False False
  False False False False]
 [False False False False False False False False False False False False
  False False False False]
 [False False False False False False False False False False False False
  False False False False]
 [False False False False False False False False False False False False
  False False False False]
 [False False False False False False False False False False False False
  False False False False]
 [False False False False False False False False False False False False
  False False False False]
 [False False False False False False False False False False False False
  False False False False]
 [False False False False False False False False False False False False
  False False False False]
 [False False False False False False False False False False False False
  False False False False]
 [False False False False False False False False False False False False
  False False False False]
 [False False False False False False False False False False False False
  False False False False]
 [False False False False False False False False False False False False
  False False False False]
 [False False False False False False False False False False False False
  False False False False]]",97.0,False,False,1.0,1.0,False,False,False,False,1.0,1.0,1.0,1.0,1.0,False,False,False,False,False,False,False,False,False,False,False,1.0,1.0,False,False,False,1,"(100.0, 0.0, 50.0)",0.0,hover,False,False,False,2.0,ticking,0.0,False,False,False,5.0,1.0,1.0,1.0,1.0,1.0,1.0,1.0,1.0,0.0,1.0,0.0,0.0,0.0,1.0,100.0,0.0,50.0,0.0,0.0,0.0,1.0,1.0,"[[ True False False False False False False False False False False False
  False False False False]
 [False False False False False False False False False False False False
  False False False False]
 [False False False False False False False False False False False False
  False False False False]
 [False False False False False False False False False False False False
  False False False False]
 [False False False False False False False False False False False False
  False False False False]
 [False False False False False False False False False False False False
  False False False False]
 [False False False False False False False False False False False False
  False False False False]
 [False False False False False False False False False False False False
  False False False False]
 [False False False False False False False False False False False False
  False False False False]
 [False False False False False False False False False False False False
  False False False False]
 [False False False False False False False False False False False False
  False False False False]
 [False False False False False False False False False False False False
  False False False False]
 [False False False False False False False False False False False False
  False False False False]
 [False False False False False False False False False False False False
  False False False False]
 [False False False False False False False False False False False False
  False False False False]
 [False False False False False False False False False False False False
  False False False False]]",97.0,False,False,1.0,1.0,False,False,False,False,1.0,1.0,1.0,1.0,1.0,False,False,False,False,False,False,False,False,False,False,False,1.0,1.0,False,False,False,1,"(100.0, 0.0, 50.0)",0.0,hover,False,False,False,2.0,ticking,0.0,False,False,False
6.0,1.0,1.0,1.0,1.0,1.0,1.0,1.0,1.0,1.0,1.0,0.0,0.0,1.0,1.0,100.0,0.0,50.0,0.0,100.0,0.0,1.0,1.0,"[[ True False False False False False False False False False False False
  False False False False]
 [False False False False False False False False False False False False
  False False False False]
 [False False False False False False False False False False False False
  False False False False]
 [False False False False False False False False False False False False
  False False False False]
 [False False False False False False False False False False False False
  False False False False]
 [False False False False False False False False False False False False
  False False False False]
 [False False False False False False False False False False False False
  False False False False]
 [False False False False False False False False False False False False
  False False False False]
 [False False False False False False False False False False False False
  False False False False]
 [False False False False False False False False False False False False
  False False False False]
 [False False False False False False False False False False False False
  False False False False]
 [False False False False False False False False False False False False
  False False False False]
 [False False False False False False False False False False False False
  False False False False]
 [False False False False False False False False False False False False
  False False False False]
 [False False False False False False False False False False False False
  False False False False]
 [False False False False False False False False False False False False
  False False False False]]",96.5,False,False,1.0,1.0,False,False,False,False,1.0,1.0,1.0,1.0,1.0,False,False,False,False,False,False,False,False,False,False,False,1.0,1.0,False,False,False,2,"(100.0, 100.0, 50.0)",100.0,move,False,False,False,0.0,standby,0.0,False,False,False,6.0,0.0,0.0,0.0,0.0,0.0,0.0,1.0,0.0,0.0,0.0,-50.0,0.0,0.0,0.0,100.0,0.0,0.0,0.0,0.0,0.0,0.0,1.0,"[[ True False False False False False False False False False False False
  False False False False]
 [False False False False False False False False False False False False
  False False False False]
 [False False False False False False False False False False False False
  False False False False]
 [False False False False False False False False False False False False
  False False False False]
 [False False False False False False False False False False False False
  False False False False]
 [False False False False False False False False False False False False
  False False False False]
 [False False False False False False False False False False False False
  False False False False]
 [False False False False False False False False False False False False
  False False False False]
 [False False False False False False False False False False False False
  False False False False]
 [False False False False False False False False False False False False
  False False False False]
 [ True False False False False False False False False False False False
  False False False False]
 [False False False False False False False False False False False False
  False False False False]
 [False False False False False False False False False False False False
  False False False False]
 [False False False False False False False False False False False False
  False False False False]
 [False False False False False False False False False False False False
  False False False False]
 [False False False False False False False False False False False False
  False False False False]]",97.5,True,False,0.0,0.0,True,False,False,False,1.0,1.0,1.0,0.0,0.0,False,False,False,True,False,False,True,False,False,False,False,0.0,0.0,False,True,False,1,"(100.0, 0.0, 50.0)",50.0,move,False,True,False,2.0,ticking,-0.8333333333333334,True,False,False,6.0,1.0,1.0,1.0,1.0,1.0,1.0,1.0,1.0,1.0,1.0,0.0,0.0,1.0,1.0,100.0,0.0,50.0,0.0,100.0,0.0,1.0,1.0,"[[ True False False False False False False False False False False False
  False False False False]
 [False False False False False False False False False False False False
  False False False False]
 [False False False False False False False False False False False False
  False False False False]
 [False False False False False False False False False False False False
  False False False False]
 [False False False False False False False False False False False False
  False False False False]
 [False False False False False False False False False False False False
  False False False False]
 [False False False False False False False False False False False False
  False False False False]
 [False False False False False False False False False False False False
  False False False False]
 [False False False False False False False False False False False False
  False False False False]
 [False False False False False False False False False False False False
  False False False False]
 [False False False False False False False False False False False False
  False False False False]
 [False False False False False False False False False False False False
  False False False False]
 [False False False False False False False False False False False False
  False False False False]
 [False False False False False False False False False False False False
  False False False False]
 [False False False False False False False False False False False False
  False False False False]
 [False False False False False False False False False False False False
  False False False False]]",96.5,False,False,1.0,1.0,False,False,False,False,1.0,1.0,1.0,1.0,1.0,False,False,False,False,False,False,False,False,False,False,False,1.0,1.0,False,False,False,2,"(100.0, 100.0, 50.0)",100.0,move,False,False,False,0.0,standby,0.0,False,False,False,6.0,1.0,1.0,1.0,1.0,1.0,1.0,1.0,1.0,1.0,1.0,0.0,0.0,1.0,1.0,100.0,0.0,50.0,0.0,100.0,0.0,1.0,1.0,"[[ True False False False False False False False False False False False
  False False False False]
 [False False False False False False False False False False False False
  False False False False]
 [False False False False False False False False False False False False
  False False False False]
 [False False False False False False False False False False False False
  False False False False]
 [False False False False False False False False False False False False
  False False False False]
 [False False False False False False False False False False False False
  False False False False]
 [False False False False False False False False False False False False
  False False False False]
 [False False False False False False False False False False False False
  False False False False]
 [False False False False False False False False False False False False
  False False False False]
 [False False False False False False False False False False False False
  False False False False]
 [False False False False False False False False False False False False
  False False False False]
 [False False False False False False False False False False False False
  False False False False]
 [False False False False False False False False False False False False
  False False False False]
 [False False False False False False False False False False False False
  False False False False]
 [False False False False False False False False False False False False
  False False False False]
 [False False False False False False False False False False False False
  False False False False]]",96.5,False,False,1.0,1.0,False,False,False,False,1.0,1.0,1.0,1.0,1.0,False,False,False,False,False,False,False,False,False,False,False,1.0,1.0,False,False,False,2,"(100.0, 100.0, 50.0)",100.0,move,False,False,False,0.0,standby,0.0,False,False,False,6.0,1.0,1.0,1.9000000000000001,1.0,2.0,1.0,1.0,1.0,0.0,0.0,300.0,0.0,0.0,0.0,100.0,0.0,350.0,0.0,0.0,-300.0,1.0,1.0,"[[ True False False False False False False False False False False False
  False False False False]
 [False False False False False False False False False False False False
  False False False False]
 [False False False False False False False False False False False False
  False False False False]
 [False False False False False False False False False False False False
  False False False False]
 [False False False False False False False False False False False False
  False False False False]
 [False False False False False False False False False False False False
  False False False False]
 [False False False False False False False False False False False False
  False False False False]
 [False False False False False False False False False False False False
  False False False False]
 [False False False False False False False False False False False False
  False False False False]
 [False False False False False False False False False False False False
  False False False False]
 [False False False False False False False False False False False False
  False False False False]
 [False False False False False False False False False False False False
  False False False False]
 [False False False False False False False False False False False False
  False False False False]
 [False False False False False False False False False False False False
  False False False False]
 [False False False False False False False False False False False False
  False False False False]
 [False False False False False False False False False False False False
  False False False False]]",96.05,False,False,1.0,1.0,False,False,False,False,1.0,1.0,2.0,1.0,1.0,False,False,True,False,False,False,False,False,False,False,False,1.0,1.0,False,False,False,1,"(100.0, 0.0, 50.0)",300.0,move,False,False,False,2.0,ticking,0.0,False,False,False,6.0,1.0,1.0,1.0,1.0,1.0,1.0,1.0,1.0,1.0,1.0,0.0,0.0,1.0,1.0,100.0,0.0,50.0,0.0,100.0,0.0,1.0,1.0,"[[ True False False False False False False False False False False False
  False False False False]
 [False False False False False False False False False False False False
  False False False False]
 [False False False False False False False False False False False False
  False False False False]
 [False False False False False False False False False False False False
  False False False False]
 [False False False False False False False False False False False False
  False False False False]
 [False False False False False False False False False False False False
  False False False False]
 [False False False False False False False False False False False False
  False False False False]
 [False False False False False False False False False False False False
  False False False False]
 [False False False False False False False False False False False False
  False False False False]
 [False False False False False False False False False False False False
  False False False False]
 [False False False False False False False False False False False False
  False False False False]
 [False False False False False False False False False False False False
  False False False False]
 [False False False False False False False False False False False False
  False False False False]
 [False False False False False False False False False False False False
  False False False False]
 [False False False False False False False False False False False False
  False False False False]
 [False False False False False False False False False False False False
  False False False False]]",96.5,False,False,1.0,1.0,False,False,False,False,1.0,1.0,1.0,1.0,1.0,False,False,False,False,False,False,False,False,False,False,False,1.0,1.0,False,False,False,2,"(100.0, 100.0, 50.0)",100.0,move,False,False,False,0.0,standby,0.0,False,False,False,6.0,1.0,1.0,1.0,1.0,1.0,1.0,1.0,1.0,1.0,1.0,0.0,0.0,1.0,1.0,100.0,0.0,50.0,0.0,100.0,0.0,1.0,1.0,"[[ True False False False False False False False False False False False
  False False False False]
 [False False False False False False False False False False False False
  False False False False]
 [False False False False False False False False False False False False
  False False False False]
 [False False False False False False False False False False False False
  False False False False]
 [False False False False False False False False False False False False
  False False False False]
 [False False False False False False False False False False False False
  False False False False]
 [False False False False False False False False False False False False
  False False False False]
 [False False False False False False False False False False False False
  False False False False]
 [False False False False False False False False False False False False
  False False False False]
 [False False False False False False False False False False False False
  False False False False]
 [False False False False False False False False False False False False
  False False False False]
 [False False False False False False False False False False False False
  False False False False]
 [False False False False False False False False False False False False
  False False False False]
 [False False False False False False False False False False False False
  False False False False]
 [False False False False False False False False False False False False
  False False False False]
 [False False False False False False False False False False False False
  False False False False]]",96.5,False,False,1.0,1.0,False,False,False,False,1.0,1.0,1.0,1.0,1.0,False,False,False,False,False,False,False,False,False,False,False,1.0,1.0,False,False,False,2,"(100.0, 100.0, 50.0)",100.0,move,False,False,False,0.0,standby,0.0,False,False,False
7.0,1.0,1.0,1.0,1.0,1.0,1.0,1.0,1.0,0.0,1.0,0.0,100.0,0.0,1.0,100.0,100.0,50.0,0.0,0.0,0.0,1.0,1.0,"[[ True False False False False False False False False False False False
  False False False False]
 [False False False False False False False False False False False False
  False False False False]
 [False False False False False False False False False False False False
  False False False False]
 [False False False False False False False False False False False False
  False False False False]
 [False False False False False False False False False False False False
  False False False False]
 [False False False False False False False False False False False False
  False False False False]
 [False False False False False False False False False False False False
  False False False False]
 [False False False False False False False False False False False False
  False False False False]
 [False False False False False False False False  True  True  True  True
   True False False False]
 [False False False False False False False False  True  True  True  True
   True False False False]
 [False False False False False False False False  True  True  True  True
   True False False False]
 [False False False False False False False False  True  True  True  True
   True False False False]
 [False False False False False False False False  True  True  True  True
   True False False False]
 [False False False False False False False False False False False False
  False False False False]
 [False False False False False False False False False False False False
  False False False False]
 [False False False False False False False False False False False False
  False False False False]]",96.0,False,False,1.0,1.0,False,False,False,False,1.0,1.0,1.0,1.0,1.0,False,False,False,False,False,False,False,False,False,False,False,1.0,1.0,False,False,False,2,"(100.0, 100.0, 50.0)",0.0,hover,False,False,False,1.0,ticking,0.0,False,False,False,7.0,0.0,0.0,0.0,0.0,0.0,0.0,1.0,0.0,0.0,0.0,0.0,0.0,0.0,0.0,100.0,0.0,0.0,0.0,0.0,0.0,0.0,1.0,"[[ True False False False False False False False False False False False
  False False False False]
 [False False False False False False False False False False False False
  False False False False]
 [False False False False False False False False False False False False
  False False False False]
 [False False False False False False False False False False False False
  False False False False]
 [False False False False False False False False False False False False
  False False False False]
 [False False False False False False False False False False False False
  False False False False]
 [False False False False False False False False False False False False
  False False False False]
 [False False False False False False False False False False False False
  False False False False]
 [False False False False False False False False False False False False
  False False False False]
 [False False False False False False False False False False False False
  False False False False]
 [ True False False False False False False False False False False False
  False False False False]
 [False False False False False False False False False False False False
  False False False False]
 [False False False False False False False False False False False False
  False False False False]
 [False False False False False False False False False False False False
  False False False False]
 [False False False False False False False False False False False False
  False False False False]
 [False False False False False False False False False False False False
  False False False False]]",97.5,True,False,0.0,0.0,True,False,False,False,1.0,1.0,1.0,0.0,0.0,False,False,False,True,False,False,True,False,False,False,False,0.0,0.0,False,True,False,1,"(100.0, 0.0, 50.0)",50.0,move,False,True,False,2.0,ticking,-0.5,True,False,False,7.0,1.0,1.0,0.0,0.0,1.0,0.0,1.0,0.0,0.0,0.0,0.0,100.0,0.0,0.0,100.0,100.0,50.0,0.0,0.0,0.0,0.0,1.0,"[[ True False False False False False False False False False False False
  False False False False]
 [False False False False False False False False False False False False
  False False False False]
 [False False False False False False False False False False False False
  False False False False]
 [False False False False False False False False False False False False
  False False False False]
 [False False False False False False False False False False False False
  False False False False]
 [False False False False False False False False False False False False
  False False False False]
 [False False False False False False False False False False False False
  False False False False]
 [False False False False False False False False False False False False
  False False False False]
 [False False False False False False False False  True  True  True  True
   True False False False]
 [False False False False False False False False  True  True  True  True
   True False False False]
 [False False False False False False False False  True  True  True  True
   True False False False]
 [False False False False False False False False  True  True  True  True
   True False False False]
 [False False False False False False False False  True  True  True  True
   True False False False]
 [False False False False False False False False False False False False
  False False False False]
 [False False False False False False False False False False False False
  False False False False]
 [False False False False False False False False False False False False
  False False False False]]",96.5,True,False,1.0,1.0,False,False,False,False,1.0,1.0,1.0,1.0,1.0,False,False,False,False,False,False,False,False,False,False,False,1.0,0.0,False,False,False,2,"(100.0, 100.0, 50.0)",0.0,hover,False,False,False,1.0,ticking,0.0,False,False,False,7.0,1.0,1.0,1.0,1.0,1.0,1.0,1.0,1.0,0.0,1.0,0.0,100.0,0.0,1.0,100.0,100.0,50.0,0.0,0.0,0.0,1.0,1.0,"[[ True False False False False False False False False False False False
  False False False False]
 [False False False False False False False False False False False False
  False False False False]
 [False False False False False False False False False False False False
  False False False False]
 [False False False False False False False False False False False False
  False False False False]
 [False False False False False False False False False False False False
  False False False False]
 [False False False False False False False False False False False False
  False False False False]
 [False False False False False False False False False False False False
  False False False False]
 [False False False False False False False False False False False False
  False False False False]
 [False False False False False False False False  True  True  True  True
   True False False False]
 [False False False False False False False False  True  True  True  True
   True False False False]
 [False False False False False False False False  True  True  True  True
   True False False False]
 [False False False False False False False False  True  True  True  True
   True False False False]
 [False False False False False False False False  True  True  True  True
   True False False False]
 [False False False False False False False False False False False False
  False False False False]
 [False False False False False False False False False False False False
  False False False False]
 [False False False False False False False False False False False False
  False False False False]]",96.0,False,False,1.0,1.0,False,False,False,False,1.0,1.0,1.0,1.0,1.0,False,False,False,False,False,False,False,False,False,False,False,1.0,1.0,False,False,False,2,"(100.0, 100.0, 50.0)",0.0,hover,False,False,False,1.0,ticking,0.0,False,False,False,7.0,1.0,1.0,1.9000000000000001,1.0,2.0,1.0,1.0,1.0,1.0,1.0,-300.0,0.0,2.0,2.0,100.0,0.0,50.0,0.0,100.0,0.0,1.0,1.0,"[[ True False False False False False False False False False False False
  False False False False]
 [False False False False False False False False False False False False
  False False False False]
 [False False False False False False False False False False False False
  False False False False]
 [False False False False False False False False False False False False
  False False False False]
 [False False False False False False False False False False False False
  False False False False]
 [False False False False False False False False False False False False
  False False False False]
 [False False False False False False False False False False False False
  False False False False]
 [False False False False False False False False False False False False
  False False False False]
 [False False False False False False False False False False False False
  False False False False]
 [False False False False False False False False False False False False
  False False False False]
 [False False False False False False False False False False False False
  False False False False]
 [False False False False False False False False False False False False
  False False False False]
 [False False False False False False False False False False False False
  False False False False]
 [False False False False False False False False False False False False
  False False False False]
 [False False False False False False False False False False False False
  False False False False]
 [False False False False False False False False False False False False
  False False False False]]",95.1,False,False,1.0,1.0,False,False,False,False,1.0,1.0,2.0,1.0,1.0,False,False,True,False,False,False,False,False,False,False,False,1.0,1.0,False,False,False,2,"(100.0, 100.0, 50.0)",100.0,move,False,False,False,0.0,standby,0.0,False,False,False,7.0,1.0,1.0,1.9000000000000001,1.0,2.0,1.0,1.0,1.0,0.0,1.0,0.0,100.0,0.0,2.0,100.0,100.0,50.0,0.0,0.0,0.0,1.0,1.0,"[[ True False False False False False False False False False False False
  False False False False]
 [False False False False False False False False False False False False
  False False False False]
 [False False False False False False False False False False False False
  False False False False]
 [False False False False False False False False False False False False
  False False False False]
 [False False False False False False False False False False False False
  False False False False]
 [False False False False False False False False False False False False
  False False False False]
 [False False False False False False False False False False False False
  False False False False]
 [False False False False False False False False False False False False
  False False False False]
 [False False False False False False False False  True  True  True  True
   True False False False]
 [False False False False False False False False  True  True  True  True
   True False False False]
 [False False False False False False False False  True  True  True  True
   True False False False]
 [False False False False False False False False  True  True  True  True
   True False False False]
 [False False False False False False False False  True  True  True  True
   True False False False]
 [False False False False False False False False False False False False
  False False False False]
 [False False False False False False False False False False False False
  False False False False]
 [False False False False False False False False False False False False
  False False False False]]",96.0,False,False,1.0,1.0,False,False,False,False,1.0,1.0,2.0,1.0,1.0,False,False,True,False,False,False,False,False,False,False,False,1.0,1.0,False,False,False,2,"(100.0, 100.0, 50.0)",0.0,hover,False,False,False,1.0,ticking,0.0,False,False,False,7.0,1.0,1.0,1.0,1.0,1.0,1.0,1.0,1.0,0.0,1.0,0.0,100.0,0.0,1.0,100.0,100.0,50.0,0.0,0.0,0.0,1.0,1.0,"[[ True False False False False False False False False False False False
  False False False False]
 [False False False False False False False False False False False False
  False False False False]
 [False False False False False False False False False False False False
  False False False False]
 [False False False False False False False False False False False False
  False False False False]
 [False False False False False False False False False False False False
  False False False False]
 [False False False False False False False False False False False False
  False False False False]
 [False False False False False False False False False False False False
  False False False False]
 [False False False False False False False False False False False False
  False False False False]
 [False False False False False False False False  True  True  True  True
   True False False False]
 [False False False False False False False False  True  True  True  True
   True False False False]
 [False False False False False False False False  True  True  True  True
   True False False False]
 [False False False False False False False False  True  True  True  True
   True False False False]
 [False False False False False False False False  True  True  True  True
   True False False False]
 [False False False False False False False False False False False False
  False False False False]
 [False False False False False False False False False False False False
  False False False False]
 [False False False False False False False False False False False False
  False False False False]]",96.0,False,False,1.0,1.0,False,False,False,False,1.0,1.0,1.0,1.0,1.0,False,False,False,False,False,False,False,False,False,False,False,1.0,1.0,False,False,False,2,"(100.0, 100.0, 50.0)",0.0,hover,False,False,False,1.0,ticking,0.0,False,False,False
8.0,1.0,1.0,1.0,1.0,1.0,1.0,1.0,1.0,0.0,1.0,0.0,0.0,0.0,1.0,100.0,100.0,50.0,0.0,0.0,0.0,1.0,1.0,"[[ True False False False False False False False False False False False
  False False False False]
 [False False False False False False False False False False False False
  False False False False]
 [False False False False False False False False False False False False
  False False False False]
 [False False False False False False False False False False False False
  False False False False]
 [False False False False False False False False False False False False
  False False False False]
 [False False False False False False False False False False False False
  False False False False]
 [False False False False False False False False False False False False
  False False False False]
 [False False False False False False False False False False False False
  False False False False]
 [False False False False False False False False  True  True  True  True
   True False False False]
 [False False False False False False False False  True  True  True  True
   True False False False]
 [False False False False False False False False  True  True  True  True
   True False False False]
 [False False False False False False False False  True  True  True  True
   True False False False]
 [False False False False False False False False  True  True  True  True
   True False False False]
 [False False False False False False False False False False False False
  False False False False]
 [False False False False False False False False False False False False
  False False False False]
 [False False False False False False False False False False False False
  False False False False]]",95.5,False,False,1.0,1.0,False,False,False,False,1.0,1.0,1.0,1.0,1.0,False,False,False,False,False,False,False,False,False,False,False,1.0,1.0,False,False,False,2,"(100.0, 100.0, 50.0)",0.0,hover,False,False,False,2.0,ticking,0.0,False,False,False,8.0,0.0,0.0,0.0,0.0,0.0,0.0,1.0,0.0,0.0,0.0,0.0,0.0,0.0,0.0,100.0,0.0,0.0,0.0,0.0,0.0,0.0,1.0,"[[ True False False False False False False False False False False False
  False False False False]
 [False False False False False False False False False False False False
  False False False False]
 [False False False False False False False False False False False False
  False False False False]
 [False False False False False False False False False False False False
  False False False False]
 [False False False False False False False False False False False False
  False False False False]
 [False False False False False False False False False False False False
  False False False False]
 [False False False False False False False False False False False False
  False False False False]
 [False False False False False False False False False False False False
  False False False False]
 [False False False False False False False False False False False False
  False False False False]
 [False False False False False False False False False False False False
  False False False False]
 [ True False False False False False False False False False False False
  False False False False]
 [False False False False False False False False False False False False
  False False False False]
 [False False False False False False False False False False False False
  False False False False]
 [False False False False False False False False False False False False
  False False False False]
 [False False False False False False False False False False False False
  False False False False]
 [False False False False False False False False False False False False
  False False False False]]",97.5,True,False,0.0,0.0,True,False,False,False,1.0,1.0,1.0,0.0,0.0,False,False,False,True,False,False,True,False,False,False,False,0.0,0.0,False,True,False,1,"(100.0, 0.0, 50.0)",50.0,move,False,True,False,2.0,ticking,-0.5,True,False,False,8.0,0.0,0.0,0.0,0.0,0.0,0.0,1.0,0.0,0.0,0.0,-50.0,0.0,0.0,0.0,100.0,100.0,0.0,0.0,0.0,0.0,0.0,1.0,"[[ True False False False False False False False False False False False
  False False False False]
 [False False False False False False False False False False False False
  False False False False]
 [False False False False False False False False False False False False
  False False False False]
 [False False False False False False False False False False False False
  False False False False]
 [False False False False False False False False False False False False
  False False False False]
 [False False False False False False False False False False False False
  False False False False]
 [False False False False False False False False False False False False
  False False False False]
 [False False False False False False False False False False False False
  False False False False]
 [False False False False False False False False  True  True  True  True
   True False False False]
 [False False False False False False False False  True  True  True  True
   True False False False]
 [False False False False False False False False  True  True  True  True
   True False False False]
 [False False False False False False False False  True  True  True  True
   True False False False]
 [False False False False False False False False  True  True  True  True
   True False False False]
 [False False False False False False False False False False False False
  False False False False]
 [False False False False False False False False False False False False
  False False False False]
 [False False False False False False False False False False False False
  False False False False]]",96.5,True,False,0.0,0.0,True,False,False,False,1.0,1.0,1.0,0.0,0.0,False,False,False,True,False,False,True,False,False,False,False,0.0,0.0,False,True,False,2,"(100.0, 100.0, 50.0)",50.0,move,False,True,False,1.0,ticking,-0.8333333333333334,True,False,False,8.0,1.0,1.0,1.0,1.0,1.0,1.0,1.0,1.0,0.0,1.0,0.0,0.0,0.0,1.0,100.0,100.0,50.0,0.0,0.0,0.0,1.0,1.0,"[[ True False False False False False False False False False False False
  False False False False]
 [False False False False False False False False False False False False
  False False False False]
 [False False False False False False False False False False False False
  False False False False]
 [False False False False False False False False False False False False
  False False False False]
 [False False False False False False False False False False False False
  False False False False]
 [False False False False False False False False False False False False
  False False False False]
 [False False False False False False False False False False False False
  False False False False]
 [False False False False False False False False False False False False
  False False False False]
 [False False False False False False False False  True  True  True  True
   True False False False]
 [False False False False False False False False  True  True  True  True
   True False False False]
 [False False False False False False False False  True  True  True  True
   True False False False]
 [False False False False False False False False  True  True  True  True
   True False False False]
 [False False False False False False False False  True  True  True  True
   True False False False]
 [False False False False False False False False False False False False
  False False False False]
 [False False False False False False False False False False False False
  False False False False]
 [False False False False False False False False False False False False
  False False False False]]",95.5,False,False,1.0,1.0,False,False,False,False,1.0,1.0,1.0,1.0,1.0,False,False,False,False,False,False,False,False,False,False,False,1.0,1.0,False,False,False,2,"(100.0, 100.0, 50.0)",0.0,hover,False,False,False,2.0,ticking,0.0,False,False,False,8.0,1.0,1.0,1.9000000000000001,1.0,2.0,1.0,1.0,1.0,0.0,0.0,300.0,100.0,0.0,0.0,100.0,100.0,350.0,0.0,0.0,-300.0,1.0,1.0,"[[ True False False False False False False False False False False False
  False False False False]
 [False False False False False False False False False False False False
  False False False False]
 [False False False False False False False False False False False False
  False False False False]
 [False False False False False False False False False False False False
  False False False False]
 [False False False False False False False False False False False False
  False False False False]
 [False False False False False False False False False False False False
  False False False False]
 [False False False False False False False False False False False False
  False False False False]
 [False False False False False False False False False False False False
  False False False False]
 [False False False False False False False False False False False False
  False False False False]
 [False False False False False False False False False False False False
  False False False False]
 [False False False False False False False False False False False False
  False False False False]
 [False False False False False False False False False False False False
  False False False False]
 [False False False False False False False False False False False False
  False False False False]
 [False False False False False False False False False False False False
  False False False False]
 [False False False False False False False False False False False False
  False False False False]
 [False False False False False False False False False False False False
  False False False False]]",94.14999999999999,False,False,1.0,1.0,False,False,False,False,1.0,1.0,2.0,1.0,1.0,False,False,True,False,False,False,False,False,False,False,False,1.0,1.0,False,False,False,2,"(100.0, 100.0, 50.0)",300.0,move,False,False,False,0.0,standby,0.0,False,False,False,8.0,1.0,1.0,1.9000000000000001,1.0,2.0,1.0,1.0,1.0,0.0,0.0,300.0,0.0,0.0,0.0,100.0,100.0,350.0,0.0,0.0,-300.0,1.0,1.0,"[[ True False False False False False False False False False False False
  False False False False]
 [False False False False False False False False False False False False
  False False False False]
 [False False False False False False False False False False False False
  False False False False]
 [False False False False False False False False False False False False
  False False False False]
 [False False False False False False False False False False False False
  False False False False]
 [False False False False False False False False False False False False
  False False False False]
 [False False False False False False False False False False False False
  False False False False]
 [False False False False False False False False False False False False
  False False False False]
 [False False False False False False False False  True  True  True  True
   True False False False]
 [False False False False False False False False  True  True  True  True
   True False False False]
 [False False False False False False False False  True  True  True  True
   True False False False]
 [False False False False False False False False  True  True  True  True
   True False False False]
 [False False False False False False False False  True  True  True  True
   True False False False]
 [False False False False False False False False False False False False
  False False False False]
 [False False False False False False False False False False False False
  False False False False]
 [False False False False False False False False False False False False
  False False False False]]",95.05,False,False,1.0,1.0,False,False,False,False,1.0,1.0,2.0,1.0,1.0,False,False,True,False,False,False,False,False,False,False,False,1.0,1.0,False,False,False,2,"(100.0, 100.0, 50.0)",300.0,move,False,False,False,1.0,ticking,0.0,False,False,False,8.0,1.0,1.0,1.0,1.0,1.0,1.0,1.0,1.0,0.0,1.0,0.0,0.0,0.0,1.0,100.0,100.0,50.0,0.0,0.0,0.0,1.0,1.0,"[[ True False False False False False False False False False False False
  False False False False]
 [False False False False False False False False False False False False
  False False False False]
 [False False False False False False False False False False False False
  False False False False]
 [False False False False False False False False False False False False
  False False False False]
 [False False False False False False False False False False False False
  False False False False]
 [False False False False False False False False False False False False
  False False False False]
 [False False False False False False False False False False False False
  False False False False]
 [False False False False False False False False False False False False
  False False False False]
 [False False False False False False False False  True  True  True  True
   True False False False]
 [False False False False False False False False  True  True  True  True
   True False False False]
 [False False False False False False False False  True  True  True  True
   True False False False]
 [False False False False False False False False  True  True  True  True
   True False False False]
 [False False False False False False False False  True  True  True  True
   True False False False]
 [False False False False False False False False False False False False
  False False False False]
 [False False False False False False False False False False False False
  False False False False]
 [False False False False False False False False False False False False
  False False False False]]",95.5,False,False,1.0,1.0,False,False,False,False,1.0,1.0,1.0,1.0,1.0,False,False,False,False,False,False,False,False,False,False,False,1.0,1.0,False,False,False,2,"(100.0, 100.0, 50.0)",0.0,hover,False,False,False,2.0,ticking,0.0,False,False,False
9.0,1.0,1.0,1.0,1.0,1.0,1.0,1.0,1.0,1.0,1.0,0.0,0.0,1.0,1.0,100.0,100.0,50.0,50.0,50.0,0.0,1.0,1.0,"[[ True False False False False False False False False False False False
  False False False False]
 [False False False False False False False False False False False False
  False False False False]
 [False False False False False False False False False False False False
  False False False False]
 [False False False False False False False False False False False False
  False False False False]
 [False False False False False False False False False False False False
  False False False False]
 [False False False False False False False False False False False False
  False False False False]
 [False False False False False False False False False False False False
  False False False False]
 [False False False False False False False False False False False False
  False False False False]
 [False False False False False False False False  True  True  True  True
   True False False False]
 [False False False False False False False False  True  True  True  True
   True False False False]
 [False False False False False False False False  True  True  True  True
   True False False False]
 [False False False False False False False False  True  True  True  True
   True False False False]
 [False False False False False False False False  True  True  True  True
   True False False False]
 [False False False False False False False False False False False False
  False False False False]
 [False False False False False False False False False False False False
  False False False False]
 [False False False False False False False False False False False False
  False False False False]]",95.0,False,False,1.0,1.0,False,False,False,False,1.0,1.0,1.0,1.0,1.0,False,False,False,False,False,False,False,False,False,False,False,1.0,1.0,False,False,False,3,"(150.0, 150.0, 50.0)",70.71067811865476,move,False,False,False,0.0,standby,0.0,False,False,False,9.0,0.0,0.0,0.0,0.0,0.0,0.0,1.0,0.0,0.0,0.0,0.0,0.0,0.0,0.0,100.0,0.0,0.0,0.0,0.0,0.0,0.0,1.0,"[[ True False False False False False False False False False False False
  False False False False]
 [False False False False False False False False False False False False
  False False False False]
 [False False False False False False False False False False False False
  False False False False]
 [False False False False False False False False False False False False
  False False False False]
 [False False False False False False False False False False False False
  False False False False]
 [False False False False False False False False False False False False
  False False False False]
 [False False False False False False False False False False False False
  False False False False]
 [False False False False False False False False False False False False
  False False False False]
 [False False False False False False False False False False False False
  False False False False]
 [False False False False False False False False False False False False
  False False False False]
 [ True False False False False False False False False False False False
  False False False False]
 [False False False False False False False False False False False False
  False False False False]
 [False False False False False False False False False False False False
  False False False False]
 [False False False False False False False False False False False False
  False False False False]
 [False False False False False False False False False False False False
  False False False False]
 [False False False False False False False False False False False False
  False False False False]]",97.5,True,False,0.0,0.0,True,False,False,False,1.0,1.0,1.0,0.0,0.0,False,False,False,True,False,False,True,False,False,False,False,0.0,0.0,False,True,False,1,"(100.0, 0.0, 50.0)",50.0,move,False,True,False,2.0,ticking,-0.5,True,False,False,9.0,0.0,0.0,0.0,0.0,0.0,0.0,1.0,0.0,0.0,0.0,0.0,0.0,0.0,0.0,100.0,100.0,0.0,0.0,0.0,0.0,0.0,1.0,"[[ True False False False False False False False False False False False
  False False False False]
 [False False False False False False False False False False False False
  False False False False]
 [False False False False False False False False False False False False
  False False False False]
 [False False False False False False False False False False False False
  False False False False]
 [False False False False False False False False False False False False
  False False False False]
 [False False False False False False False False False False False False
  False False False False]
 [False False False False False False False False False False False False
  False False False False]
 [False False False False False False False False False False False False
  False False False False]
 [False False False False False False False False  True  True  True  True
   True False False False]
 [False False False False False False False False  True  True  True  True
   True False False False]
 [False False False False False False False False  True  True  True  True
   True False False False]
 [False False False False False False False False  True  True  True  True
   True False False False]
 [False False False False False False False False  True  True  True  True
   True False False False]
 [False False False False False False False False False False False False
  False False False False]
 [False False False False False False False False False False False False
  False False False False]
 [False False False False False False False False False False False False
  False False False False]]",96.5,True,False,0.0,0.0,True,False,False,False,1.0,1.0,1.0,0.0,0.0,False,False,False,True,False,False,True,False,False,False,False,0.0,0.0,False,True,False,2,"(100.0, 100.0, 50.0)",50.0,move,False,True,False,1.0,ticking,-0.5,True,False,False,9.0,1.0,1.0,1.0,1.0,1.0,1.0,1.0,1.0,1.0,1.0,0.0,0.0,1.0,1.0,100.0,100.0,50.0,50.0,50.0,0.0,1.0,1.0,"[[ True False False False False False False False False False False False
  False False False False]
 [False False False False False False False False False False False False
  False False False False]
 [False False False False False False False False False False False False
  False False False False]
 [False False False False False False False False False False False False
  False False False False]
 [False False False False False False False False False False False False
  False False False False]
 [False False False False False False False False False False False False
  False False False False]
 [False False False False False False False False False False False False
  False False False False]
 [False False False False False False False False False False False False
  False False False False]
 [False False False False False False False False  True  True  True  True
   True False False False]
 [False False False False False False False False  True  True  True  True
   True False False False]
 [False False False False False False False False  True  True  True  True
   True False False False]
 [False False False False False False False False  True  True  True  True
   True False False False]
 [False False False False False False False False  True  True  True  True
   True False False False]
 [False False False False False False False False False False False False
  False False False False]
 [False False False False False False False False False False False False
  False False False False]
 [False False False False False False False False False False False False
  False False False False]]",95.0,False,False,1.0,1.0,False,False,False,False,1.0,1.0,1.0,1.0,1.0,False,False,False,False,False,False,False,False,False,False,False,1.0,1.0,False,False,False,3,"(150.0, 150.0, 50.0)",70.71067811865476,move,False,False,False,0.0,standby,0.0,False,False,False,9.0,1.0,1.0,1.9000000000000001,1.0,2.0,1.0,1.0,1.0,0.0,1.0,-300.0,0.0,0.0,2.0,100.0,100.0,50.0,0.0,0.0,0.0,1.0,1.0,"[[ True False False False False False False False False False False False
  False False False False]
 [False False False False False False False False False False False False
  False False False False]
 [False False False False False False False False False False False False
  False False False False]
 [False False False False False False False False False False False False
  False False False False]
 [False False False False False False False False False False False False
  False False False False]
 [False False False False False False False False False False False False
  False False False False]
 [False False False False False False False False False False False False
  False False False False]
 [False False False False False False False False False False False False
  False False False False]
 [False False False False False False False False  True  True  True  True
   True False False False]
 [False False False False False False False False  True  True  True  True
   True False False False]
 [False False False False False False False False  True  True  True  True
   True False False False]
 [False False False False False False False False  True  True  True  True
   True False False False]
 [False False False False False False False False  True  True  True  True
   True False False False]
 [False False False False False False False False False False False False
  False False False False]
 [False False False False False False False False False False False False
  False False False False]
 [False False False False False False False False False False False False
  False False False False]]",93.19999999999999,False,False,1.0,1.0,False,False,False,False,1.0,1.0,2.0,1.0,1.0,False,False,True,False,False,False,False,False,False,False,False,1.0,1.0,False,False,False,2,"(100.0, 100.0, 50.0)",0.0,hover,False,False,False,1.0,ticking,0.0,False,False,False,9.0,1.0,1.0,1.9000000000000001,1.0,2.0,1.0,1.0,1.0,0.0,1.0,-300.0,0.0,0.0,2.0,100.0,100.0,50.0,0.0,0.0,0.0,1.0,1.0,"[[ True False False False False False False False False False False False
  False False False False]
 [False False False False False False False False False False False False
  False False False False]
 [False False False False False False False False False False False False
  False False False False]
 [False False False False False False False False False False False False
  False False False False]
 [False False False False False False False False False False False False
  False False False False]
 [False False False False False False False False False False False False
  False False False False]
 [False False False False False False False False False False False False
  False False False False]
 [False False False False False False False False False False False False
  False False False False]
 [False False False False False False False False  True  True  True  True
   True False False False]
 [False False False False False False False False  True  True  True  True
   True False False False]
 [False False False False False False False False  True  True  True  True
   True False False False]
 [False False False False False False False False  True  True  True  True
   True False False False]
 [False False False False False False False False  True  True  True  True
   True False False False]
 [False False False False False False False False False False False False
  False False False False]
 [False False False False False False False False False False False False
  False False False False]
 [False False False False False False False False False False False False
  False False False False]]",94.1,False,False,1.0,1.0,False,False,False,False,1.0,1.0,2.0,1.0,1.0,False,False,True,False,False,False,False,False,False,False,False,1.0,1.0,False,False,False,2,"(100.0, 100.0, 50.0)",0.0,hover,False,False,False,2.0,ticking,0.0,False,False,False,9.0,1.0,1.0,1.0,1.0,1.0,1.0,1.0,1.0,1.0,1.0,0.0,0.0,1.0,1.0,100.0,100.0,50.0,50.0,50.0,0.0,1.0,1.0,"[[ True False False False False False False False False False False False
  False False False False]
 [False False False False False False False False False False False False
  False False False False]
 [False False False False False False False False False False False False
  False False False False]
 [False False False False False False False False False False False False
  False False False False]
 [False False False False False False False False False False False False
  False False False False]
 [False False False False False False False False False False False False
  False False False False]
 [False False False False False False False False False False False False
  False False False False]
 [False False False False False False False False False False False False
  False False False False]
 [False False False False False False False False  True  True  True  True
   True False False False]
 [False False False False False False False False  True  True  True  True
   True False False False]
 [False False False False False False False False  True  True  True  True
   True False False False]
 [False False False False False False False False  True  True  True  True
   True False False False]
 [False False False False False False False False  True  True  True  True
   True False False False]
 [False False False False False False False False False False False False
  False False False False]
 [False False False False False False False False False False False False
  False False False False]
 [False False False False False False False False False False False False
  False False False False]]",95.0,False,False,1.0,1.0,False,False,False,False,1.0,1.0,1.0,1.0,1.0,False,False,False,False,False,False,False,False,False,False,False,1.0,1.0,False,False,False,3,"(150.0, 150.0, 50.0)",70.71067811865476,move,False,False,False,0.0,standby,0.0,False,False,False
10.0,1.0,1.0,1.0,1.0,1.0,1.0,1.0,1.0,0.0,1.0,0.0,70.71067811865476,0.0,1.0,150.0,150.0,50.0,0.0,0.0,0.0,1.0,1.0,"[[ True False False False False False False False False False False False
  False False False False]
 [False False False False False False False False False False False False
  False False False False]
 [False False False False False False False False False False False False
  False False False False]
 [False False False False False False False False False False False False
  False False False False]
 [False False False False False False False False False False False False
  False False False False]
 [False False False False False False False False False False False False
  False False False False]
 [False False False False False False False False False False False False
  False False False False]
 [False False False False False False False False False False False False
  False False False False]
 [False False False False False False False False  True  True  True  True
   True False False False]
 [False False False False False False False False  True  True  True  True
   True False False False]
 [False False False False False False False False  True  True  True  True
   True False False False]
 [False False False False False False False False  True  True  True  True
   True False False False]
 [False False False False False False False False  True  True  True  True
   True False False False]
 [False False False False False False False False False False False False
  False False False False]
 [False False False False False False False False False False False False
  False False False False]
 [False False False False False False False False False False False False
  False False False False]]",94.5,False,False,1.0,1.0,False,False,False,False,1.0,1.0,1.0,1.0,1.0,False,False,False,False,False,False,False,False,False,False,False,1.0,1.0,False,False,False,3,"(150.0, 150.0, 50.0)",0.0,hover,False,False,False,1.0,ticking,0.0,False,False,False,10.0,0.0,0.0,0.0,0.0,0.0,0.0,1.0,0.0,0.0,0.0,0.0,0.0,0.0,0.0,100.0,0.0,0.0,0.0,0.0,0.0,0.0,1.0,"[[ True False False False False False False False False False False False
  False False False False]
 [False False False False False False False False False False False False
  False False False False]
 [False False False False False False False False False False False False
  False False False False]
 [False False False False False False False False False False False False
  False False False False]
 [False False False False False False False False False False False False
  False False False False]
 [False False False False False False False False False False False False
  False False False False]
 [False False False False False False False False False False False False
  False False False False]
 [False False False False False False False False False False False False
  False False False False]
 [False False False False False False False False False False False False
  False False False False]
 [False False False False False False False False False False False False
  False False False False]
 [ True False False False False False False False False False False False
  False False False False]
 [False False False False False False False False False False False False
  False False False False]
 [False False False False False False False False False False False False
  False False False False]
 [False False False False False False False False False False False False
  False False False False]
 [False False False False False False False False False False False False
  False False False False]
 [False False False False False False False False False False False False
  False False False False]]",97.5,True,False,0.0,0.0,True,False,False,False,1.0,1.0,1.0,0.0,0.0,False,False,False,True,False,False,True,False,False,False,False,0.0,0.0,False,True,False,1,"(100.0, 0.0, 50.0)",50.0,move,False,True,False,2.0,ticking,-0.5,True,False,False,10.0,0.0,0.0,0.0,0.0,0.0,0.0,1.0,0.0,0.0,0.0,0.0,0.0,0.0,0.0,100.0,100.0,0.0,0.0,0.0,0.0,0.0,1.0,"[[ True False False False False False False False False False False False
  False False False False]
 [False False False False False False False False False False False False
  False False False False]
 [False False False False False False False False False False False False
  False False False False]
 [False False False False False False False False False False False False
  False False False False]
 [False False False False False False False False False False False False
  False False False False]
 [False False False False False False False False False False False False
  False False False False]
 [False False False False False False False False False False False False
  False False False False]
 [False False False False False False False False False False False False
  False False False False]
 [False False False False False False False False  True  True  True  True
   True False False False]
 [False False False False False False False False  True  True  True  True
   True False False False]
 [False False False False False False False False  True  True  True  True
   True False False False]
 [False False False False False False False False  True  True  True  True
   True False False False]
 [False False False False False False False False  True  True  True  True
   True False False False]
 [False False False False False False False False False False False False
  False False False False]
 [False False False False False False False False False False False False
  False False False False]
 [False False False False False False False False False False False False
  False False False False]]",96.5,True,False,0.0,0.0,True,False,False,False,1.0,1.0,1.0,0.0,0.0,False,False,False,True,False,False,True,False,False,False,False,0.0,0.0,False,True,False,2,"(100.0, 100.0, 50.0)",50.0,move,False,True,False,1.0,ticking,-0.5,True,False,False,10.0,1.0,1.0,1.0,1.0,1.0,1.0,1.0,1.0,0.0,1.0,0.0,70.71067811865476,0.0,1.0,150.0,150.0,50.0,0.0,0.0,0.0,1.0,1.0,"[[ True False False False False False False False False False False False
  False False False False]
 [False False False False False False False False False False False False
  False False False False]
 [False False False False False False False False False False False False
  False False False False]
 [False False False False False False False False False False False False
  False False False False]
 [False False False False False False False False False False False False
  False False False False]
 [False False False False False False False False False False False False
  False False False False]
 [False False False False False False False False False False False False
  False False False False]
 [False False False False False False False False False False False False
  False False False False]
 [False False False False False False False False  True  True  True  True
   True False False False]
 [False False False False False False False False  True  True  True  True
   True False False False]
 [False False False False False False False False  True  True  True  True
   True False False False]
 [False False False False False False False False  True  True  True  True
   True False False False]
 [False False False False False False False False  True  True  True  True
   True False False False]
 [False False False False False False False False False False False False
  False False False False]
 [False False False False False False False False False False False False
  False False False False]
 [False False False False False False False False False False False False
  False False False False]]",94.5,False,False,1.0,1.0,False,False,False,False,1.0,1.0,1.0,1.0,1.0,False,False,False,False,False,False,False,False,False,False,False,1.0,1.0,False,False,False,3,"(150.0, 150.0, 50.0)",0.0,hover,False,False,False,1.0,ticking,0.0,False,False,False,10.0,1.0,1.0,1.9000000000000001,1.0,2.0,1.0,1.0,1.0,0.0,0.0,300.0,0.0,0.0,0.0,100.0,100.0,350.0,0.0,0.0,-300.0,1.0,1.0,"[[ True False False False False False False False False False False False
  False False False False]
 [False False False False False False False False False False False False
  False False False False]
 [False False False False False False False False False False False False
  False False False False]
 [False False False False False False False False False False False False
  False False False False]
 [False False False False False False False False False False False False
  False False False False]
 [False False False False False False False False False False False False
  False False False False]
 [False False False False False False False False False False False False
  False False False False]
 [False False False False False False False False False False False False
  False False False False]
 [False False False False False False False False  True  True  True  True
   True False False False]
 [False False False False False False False False  True  True  True  True
   True False False False]
 [False False False False False False False False  True  True  True  True
   True False False False]
 [False False False False False False False False  True  True  True  True
   True False False False]
 [False False False False False False False False  True  True  True  True
   True False False False]
 [False False False False False False False False False False False False
  False False False False]
 [False False False False False False False False False False False False
  False False False False]
 [False False False False False False False False False False False False
  False False False False]]",92.24999999999999,False,False,1.0,1.0,False,False,False,False,1.0,1.0,2.0,1.0,1.0,False,False,True,False,False,False,False,False,False,False,False,1.0,1.0,False,False,False,2,"(100.0, 100.0, 50.0)",300.0,move,False,False,False,1.0,ticking,0.0,False,False,False,10.0,1.0,1.0,1.9000000000000001,1.0,2.0,1.0,1.0,1.0,0.0,0.0,300.0,0.0,0.0,0.0,100.0,100.0,350.0,0.0,0.0,-300.0,1.0,1.0,"[[ True False False False False False False False False False False False
  False False False False]
 [False False False False False False False False False False False False
  False False False False]
 [False False False False False False False False False False False False
  False False False False]
 [False False False False False False False False False False False False
  False False False False]
 [False False False False False False False False False False False False
  False False False False]
 [False False False False False False False False False False False False
  False False False False]
 [False False False False False False False False False False False False
  False False False False]
 [False False False False False False False False False False False False
  False False False False]
 [False False False False False False False False  True  True  True  True
   True False False False]
 [False False False False False False False False  True  True  True  True
   True False False False]
 [False False False False False False False False  True  True  True  True
   True False False False]
 [False False False False False False False False  True  True  True  True
   True False False False]
 [False False False False False False False False  True  True  True  True
   True False False False]
 [False False False False False False False False False False False False
  False False False False]
 [False False False False False False False False False False False False
  False False False False]
 [False False False False False False False False False False False False
  False False False False]]",93.14999999999999,False,False,1.0,1.0,False,False,False,False,1.0,1.0,2.0,1.0,1.0,False,False,True,False,False,False,False,False,False,False,False,1.0,1.0,False,False,False,2,"(100.0, 100.0, 50.0)",300.0,move,False,False,False,2.0,ticking,0.0,False,False,False,10.0,1.0,1.0,1.0,1.0,1.0,1.0,1.0,1.0,0.0,1.0,0.0,70.71067811865476,0.0,1.0,150.0,150.0,50.0,0.0,0.0,0.0,1.0,1.0,"[[ True False False False False False False False False False False False
  False False False False]
 [False False False False False False False False False False False False
  False False False False]
 [False False False False False False False False False False False False
  False False False False]
 [False False False False False False False False False False False False
  False False False False]
 [False False False False False False False False False False False False
  False False False False]
 [False False False False False False False False False False False False
  False False False False]
 [False False False False False False False False False False False False
  False False False False]
 [False False False False False False False False False False False False
  False False False False]
 [False False False False False False False False  True  True  True  True
   True False False False]
 [False False False False False False False False  True  True  True  True
   True False False False]
 [False False False False False False False False  True  True  True  True
   True False False False]
 [False False False False False False False False  True  True  True  True
   True False False False]
 [False False False False False False False False  True  True  True  True
   True False False False]
 [False False False False False False False False False False False False
  False False False False]
 [False False False False False False False False False False False False
  False False False False]
 [False False False False False False False False False False False False
  False False False False]]",94.5,False,False,1.0,1.0,False,False,False,False,1.0,1.0,1.0,1.0,1.0,False,False,False,False,False,False,False,False,False,False,False,1.0,1.0,False,False,False,3,"(150.0, 150.0, 50.0)",0.0,hover,False,False,False,1.0,ticking,0.0,False,False,False
11.0,1.0,1.0,1.0,1.0,1.0,1.0,1.0,1.0,0.0,1.0,0.0,0.0,0.0,1.0,150.0,150.0,50.0,0.0,0.0,0.0,1.0,1.0,"[[ True False False False False False False False False False False False
  False False False False]
 [False False False False False False False False False False False False
  False False False False]
 [False False False False False False False False False False False False
  False False False False]
 [False False False False False False False False False False False False
  False False False False]
 [False False False False False False False False False False False False
  False False False False]
 [False False False False False False False False False False False False
  False False False False]
 [False False False False False False False False False False False False
  False False False False]
 [False False False False False False False False False False False False
  False False False False]
 [False False False False False False False False  True  True  True  True
   True False False False]
 [False False False False False False False False  True  True  True  True
   True False False False]
 [False False False False False False False False  True  True  True  True
   True False False False]
 [False False False False False False False False  True  True  True  True
   True False False False]
 [False False False False False False False False  True  True  True  True
   True False False False]
 [False False False False False False False False False False False False
  False False False False]
 [False False False False False False False False False False False False
  False False False False]
 [False False False False False False False False False False False False
  False False False False]]",94.0,False,False,1.0,1.0,False,False,False,False,1.0,1.0,1.0,1.0,1.0,False,False,False,False,False,False,False,False,False,False,False,1.0,1.0,False,False,False,3,"(150.0, 150.0, 50.0)",0.0,hover,False,False,False,2.0,ticking,0.0,False,False,False,11.0,0.0,0.0,0.0,0.0,0.0,0.0,1.0,0.0,0.0,0.0,0.0,0.0,0.0,0.0,100.0,0.0,0.0,0.0,0.0,0.0,0.0,1.0,"[[ True False False False False False False False False False False False
  False False False False]
 [False False False False False False False False False False False False
  False False False False]
 [False False False False False False False False False False False False
  False False False False]
 [False False False False False False False False False False False False
  False False False False]
 [False False False False False False False False False False False False
  False False False False]
 [False False False False False False False False False False False False
  False False False False]
 [False False False False False False False False False False False False
  False False False False]
 [False False False False False False False False False False False False
  False False False False]
 [False False False False False False False False False False False False
  False False False False]
 [False False False False False False False False False False False False
  False False False False]
 [ True False False False False False False False False False False False
  False False False False]
 [False False False False False False False False False False False False
  False False False False]
 [False False False False False False False False False False False False
  False False False False]
 [False False False False False False False False False False False False
  False False False False]
 [False False False False False False False False False False False False
  False False False False]
 [False False False False False False False False False False False False
  False False False False]]",97.5,True,False,0.0,0.0,True,False,False,False,1.0,1.0,1.0,0.0,0.0,False,False,False,True,False,False,True,False,False,False,False,0.0,0.0,False,True,False,1,"(100.0, 0.0, 50.0)",50.0,move,False,True,False,2.0,ticking,-0.5,True,False,False,11.0,0.0,0.0,0.0,0.0,0.0,0.0,1.0,0.0,0.0,0.0,0.0,0.0,0.0,0.0,100.0,100.0,0.0,0.0,0.0,0.0,0.0,1.0,"[[ True False False False False False False False False False False False
  False False False False]
 [False False False False False False False False False False False False
  False False False False]
 [False False False False False False False False False False False False
  False False False False]
 [False False False False False False False False False False False False
  False False False False]
 [False False False False False False False False False False False False
  False False False False]
 [False False False False False False False False False False False False
  False False False False]
 [False False False False False False False False False False False False
  False False False False]
 [False False False False False False False False False False False False
  False False False False]
 [False False False False False False False False  True  True  True  True
   True False False False]
 [False False False False False False False False  True  True  True  True
   True False False False]
 [False False False False False False False False  True  True  True  True
   True False False False]
 [False False False False False False False False  True  True  True  True
   True False False False]
 [False False False False False False False False  True  True  True  True
   True False False False]
 [False False False False False False False False False False False False
  False False False False]
 [False False False False False False False False False False False False
  False False False False]
 [False False False False False False False False False False False False
  False False False False]]",96.5,True,False,0.0,0.0,True,False,False,False,1.0,1.0,1.0,0.0,0.0,False,False,False,True,False,False,True,False,False,False,False,0.0,0.0,False,True,False,2,"(100.0, 100.0, 50.0)",50.0,move,False,True,False,1.0,ticking,-0.5,True,False,False,11.0,1.0,1.0,1.0,1.0,1.0,1.0,1.0,1.0,0.0,1.0,0.0,0.0,0.0,1.0,150.0,150.0,50.0,0.0,0.0,0.0,1.0,1.0,"[[ True False False False False False False False False False False False
  False False False False]
 [False False False False False False False False False False False False
  False False False False]
 [False False False False False False False False False False False False
  False False False False]
 [False False False False False False False False False False False False
  False False False False]
 [False False False False False False False False False False False False
  False False False False]
 [False False False False False False False False False False False False
  False False False False]
 [False False False False False False False False False False False False
  False False False False]
 [False False False False False False False False False False False False
  False False False False]
 [False False False False False False False False  True  True  True  True
   True False False False]
 [False False False False False False False False  True  True  True  True
   True False False False]
 [False False False False False False False False  True  True  True  True
   True False False False]
 [False False False False False False False False  True  True  True  True
   True False False False]
 [False False False False False False False False  True  True  True  True
   True False False False]
 [False False False False False False False False False False False False
  False False False False]
 [False False False False False False False False False False False False
  False False False False]
 [False False False False False False False False False False False False
  False False False False]]",94.0,False,False,1.0,1.0,False,False,False,False,1.0,1.0,1.0,1.0,1.0,False,False,False,False,False,False,False,False,False,False,False,1.0,1.0,False,False,False,3,"(150.0, 150.0, 50.0)",0.0,hover,False,False,False,2.0,ticking,0.0,False,False,False,11.0,1.0,1.0,1.9000000000000001,1.0,2.0,1.0,1.0,1.0,0.0,1.0,-300.0,0.0,0.0,2.0,100.0,100.0,50.0,0.0,0.0,0.0,1.0,1.0,"[[ True False False False False False False False False False False False
  False False False False]
 [False False False False False False False False False False False False
  False False False False]
 [False False False False False False False False False False False False
  False False False False]
 [False False False False False False False False False False False False
  False False False False]
 [False False False False False False False False False False False False
  False False False False]
 [False False False False False False False False False False False False
  False False False False]
 [False False False False False False False False False False False False
  False False False False]
 [False False False False False False False False False False False False
  False False False False]
 [False False False False False False False False  True  True  True  True
   True False False False]
 [False False False False False False False False  True  True  True  True
   True False False False]
 [False False False False False False False False  True  True  True  True
   True False False False]
 [False False False False False False False False  True  True  True  True
   True False False False]
 [False False False False False False False False  True  True  True  True
   True False False False]
 [False False False False False False False False False False False False
  False False False False]
 [False False False False False False False False False False False False
  False False False False]
 [False False False False False False False False False False False False
  False False False False]]",91.29999999999998,False,False,1.0,1.0,False,False,False,False,1.0,1.0,2.0,1.0,1.0,False,False,True,False,False,False,False,False,False,False,False,1.0,1.0,False,False,False,2,"(100.0, 100.0, 50.0)",0.0,hover,False,False,False,2.0,ticking,0.0,False,False,False,11.0,1.0,1.0,1.9000000000000001,1.0,2.0,1.0,1.0,1.0,1.0,1.0,-300.0,0.0,2.0,2.0,100.0,100.0,50.0,50.0,50.0,0.0,1.0,1.0,"[[ True False False False False False False False False False False False
  False False False False]
 [False False False False False False False False False False False False
  False False False False]
 [False False False False False False False False False False False False
  False False False False]
 [False False False False False False False False False False False False
  False False False False]
 [False False False False False False False False False False False False
  False False False False]
 [False False False False False False False False False False False False
  False False False False]
 [False False False False False False False False False False False False
  False False False False]
 [False False False False False False False False False False False False
  False False False False]
 [False False False False False False False False  True  True  True  True
   True False False False]
 [False False False False False False False False  True  True  True  True
   True False False False]
 [False False False False False False False False  True  True  True  True
   True False False False]
 [False False False False False False False False  True  True  True  True
   True False False False]
 [False False False False False False False False  True  True  True  True
   True False False False]
 [False False False False False False False False False False False False
  False False False False]
 [False False False False False False False False False False False False
  False False False False]
 [False False False False False False False False False False False False
  False False False False]]",92.19999999999999,False,False,1.0,1.0,False,False,False,False,1.0,1.0,2.0,1.0,1.0,False,False,True,False,False,False,False,False,False,False,False,1.0,1.0,False,False,False,3,"(150.0, 150.0, 50.0)",70.71067811865476,move,False,False,False,0.0,standby,0.0,False,False,False,11.0,1.0,1.0,1.0,1.0,1.0,1.0,1.0,1.0,0.0,1.0,0.0,0.0,0.0,1.0,150.0,150.0,50.0,0.0,0.0,0.0,1.0,1.0,"[[ True False False False False False False False False False False False
  False False False False]
 [False False False False False False False False False False False False
  False False False False]
 [False False False False False False False False False False False False
  False False False False]
 [False False False False False False False False False False False False
  False False False False]
 [False False False False False False False False False False False False
  False False False False]
 [False False False False False False False False False False False False
  False False False False]
 [False False False False False False False False False False False False
  False False False False]
 [False False False False False False False False False False False False
  False False False False]
 [False False False False False False False False  True  True  True  True
   True False False False]
 [False False False False False False False False  True  True  True  True
   True False False False]
 [False False False False False False False False  True  True  True  True
   True False False False]
 [False False False False False False False False  True  True  True  True
   True False False False]
 [False False False False False False False False  True  True  True  True
   True False False False]
 [False False False False False False False False False False False False
  False False False False]
 [False False False False False False False False False False False False
  False False False False]
 [False False False False False False False False False False False False
  False False False False]]",94.0,False,False,1.0,1.0,False,False,False,False,1.0,1.0,1.0,1.0,1.0,False,False,False,False,False,False,False,False,False,False,False,1.0,1.0,False,False,False,3,"(150.0, 150.0, 50.0)",0.0,hover,False,False,False,2.0,ticking,0.0,False,False,False
12.0,1.0,1.0,1.0,1.0,1.0,1.0,1.0,1.0,1.0,1.0,0.0,0.0,1.0,1.0,150.0,150.0,50.0,-150.0,-150.0,0.0,1.0,1.0,"[[ True False False False False False False False False False False False
  False False False False]
 [False False False False False False False False False False False False
  False False False False]
 [False False False False False False False False False False False False
  False False False False]
 [False False False False False False False False False False False False
  False False False False]
 [False False False False False False False False False False False False
  False False False False]
 [False False False False False False False False False False False False
  False False False False]
 [False False False False False False False False False False False False
  False False False False]
 [False False False False False False False False False False False False
  False False False False]
 [False False False False False False False False  True  True  True  True
   True False False False]
 [False False False False False False False False  True  True  True  True
   True False False False]
 [False False False False False False False False  True  True  True  True
   True False False False]
 [False False False False False False False False  True  True  True  True
   True False False False]
 [False False False False False False False False  True  True  True  True
   True False False False]
 [False False False False False False False False False False False False
  False False False False]
 [False False False False False False False False False False False False
  False False False False]
 [False False False False False False False False False False False False
  False False False False]]",93.5,False,False,1.0,1.0,False,False,False,False,1.0,1.0,1.0,1.0,1.0,False,False,False,False,False,False,False,False,False,False,False,1.0,1.0,False,False,False,4,"(0.0, 0.0, 50.0)",212.13203435596427,move,False,False,False,0.0,standby,0.0,False,False,False,12.0,0.0,0.0,0.0,0.0,0.0,0.0,1.0,0.0,0.0,0.0,0.0,0.0,0.0,0.0,100.0,0.0,0.0,0.0,0.0,0.0,0.0,1.0,"[[ True False False False False False False False False False False False
  False False False False]
 [False False False False False False False False False False False False
  False False False False]
 [False False False False False False False False False False False False
  False False False False]
 [False False False False False False False False False False False False
  False False False False]
 [False False False False False False False False False False False False
  False False False False]
 [False False False False False False False False False False False False
  False False False False]
 [False False False False False False False False False False False False
  False False False False]
 [False False False False False False False False False False False False
  False False False False]
 [False False False False False False False False False False False False
  False False False False]
 [False False False False False False False False False False False False
  False False False False]
 [ True False False False False False False False False False False False
  False False False False]
 [False False False False False False False False False False False False
  False False False False]
 [False False False False False False False False False False False False
  False False False False]
 [False False False False False False False False False False False False
  False False False False]
 [False False False False False False False False False False False False
  False False False False]
 [False False False False False False False False False False False False
  False False False False]]",97.5,True,False,0.0,0.0,True,False,False,False,1.0,1.0,1.0,0.0,0.0,False,False,False,True,False,False,True,False,False,False,False,0.0,0.0,False,True,False,1,"(100.0, 0.0, 50.0)",50.0,move,False,True,False,2.0,ticking,-0.5,True,False,False,12.0,0.0,0.0,0.0,0.0,0.0,0.0,1.0,0.0,0.0,0.0,0.0,0.0,0.0,0.0,100.0,100.0,0.0,0.0,0.0,0.0,0.0,1.0,"[[ True False False False False False False False False False False False
  False False False False]
 [False False False False False False False False False False False False
  False False False False]
 [False False False False False False False False False False False False
  False False False False]
 [False False False False False False False False False False False False
  False False False False]
 [False False False False False False False False False False False False
  False False False False]
 [False False False False False False False False False False False False
  False False False False]
 [False False False False False False False False False False False False
  False False False False]
 [False False False False False False False False False False False False
  False False False False]
 [False False False False False False False False  True  True  True  True
   True False False False]
 [False False False False False False False False  True  True  True  True
   True False False False]
 [False False False False False False False False  True  True  True  True
   True False False False]
 [False False False False False False False False  True  True  True  True
   True False False False]
 [False False False False False False False False  True  True  True  True
   True False False False]
 [False False False False False False False False False False False False
  False False False False]
 [False False False False False False False False False False False False
  False False False False]
 [False False False False False False False False False False False False
  False False False False]]",96.5,True,False,0.0,0.0,True,False,False,False,1.0,1.0,1.0,0.0,0.0,False,False,False,True,False,False,True,False,False,False,False,0.0,0.0,False,True,False,2,"(100.0, 100.0, 50.0)",50.0,move,False,True,False,1.0,ticking,-0.5,True,False,False,12.0,1.0,1.0,1.0,1.0,1.0,1.0,1.0,1.0,1.0,1.0,0.0,0.0,1.0,1.0,150.0,150.0,50.0,-150.0,-150.0,0.0,1.0,1.0,"[[ True False False False False False False False False False False False
  False False False False]
 [False False False False False False False False False False False False
  False False False False]
 [False False False False False False False False False False False False
  False False False False]
 [False False False False False False False False False False False False
  False False False False]
 [False False False False False False False False False False False False
  False False False False]
 [False False False False False False False False False False False False
  False False False False]
 [False False False False False False False False False False False False
  False False False False]
 [False False False False False False False False False False False False
  False False False False]
 [False False False False False False False False  True  True  True  True
   True False False False]
 [False False False False False False False False  True  True  True  True
   True False False False]
 [False False False False False False False False  True  True  True  True
   True False False False]
 [False False False False False False False False  True  True  True  True
   True False False False]
 [False False False False False False False False  True  True  True  True
   True False False False]
 [False False False False False False False False False False False False
  False False False False]
 [False False False False False False False False False False False False
  False False False False]
 [False False False False False False False False False False False False
  False False False False]]",93.5,False,False,1.0,1.0,False,False,False,False,1.0,1.0,1.0,1.0,1.0,False,False,False,False,False,False,False,False,False,False,False,1.0,1.0,False,False,False,4,"(0.0, 0.0, 50.0)",212.13203435596427,move,False,False,False,0.0,standby,0.0,False,False,False,12.0,1.0,1.0,1.9000000000000001,1.0,2.0,1.0,1.0,1.0,0.0,0.0,300.0,0.0,0.0,0.0,100.0,100.0,350.0,0.0,0.0,-300.0,1.0,1.0,"[[ True False False False False False False False False False False False
  False False False False]
 [False False False False False False False False False False False False
  False False False False]
 [False False False False False False False False False False False False
  False False False False]
 [False False False False False False False False False False False False
  False False False False]
 [False False False False False False False False False False False False
  False False False False]
 [False False False False False False False False False False False False
  False False False False]
 [False False False False False False False False False False False False
  False False False False]
 [False False False False False False False False False False False False
  False False False False]
 [False False False False False False False False  True  True  True  True
   True False False False]
 [False False False False False False False False  True  True  True  True
   True False False False]
 [False False False False False False False False  True  True  True  True
   True False False False]
 [False False False False False False False False  True  True  True  True
   True False False False]
 [False False False False False False False False  True  True  True  True
   True False False False]
 [False False False False False False False False False False False False
  False False False False]
 [False False False False False False False False False False False False
  False False False False]
 [False False False False False False False False False False False False
  False False False False]]",90.34999999999998,False,False,1.0,1.0,False,False,False,False,1.0,1.0,2.0,1.0,1.0,False,False,True,False,False,False,False,False,False,False,False,1.0,1.0,False,False,False,2,"(100.0, 100.0, 50.0)",300.0,move,False,False,False,2.0,ticking,0.0,False,False,False,12.0,1.0,1.0,1.9000000000000001,1.0,2.0,1.0,1.0,1.0,0.0,0.0,300.0,70.71067811865476,0.0,0.0,150.0,150.0,350.0,0.0,0.0,-300.0,1.0,1.0,"[[ True False False False False False False False False False False False
  False False False False]
 [False False False False False False False False False False False False
  False False False False]
 [False False False False False False False False False False False False
  False False False False]
 [False False False False False False False False False False False False
  False False False False]
 [False False False False False False False False False False False False
  False False False False]
 [False False False False False False False False False False False False
  False False False False]
 [False False False False False False False False False False False False
  False False False False]
 [False False False False False False False False False False False False
  False False False False]
 [False False False False False False False False  True  True  True  True
   True False False False]
 [False False False False False False False False  True  True  True  True
   True False False False]
 [False False False False False False False False  True  True  True  True
   True False False False]
 [False False False False False False False False  True  True  True  True
   True False False False]
 [False False False False False False False False  True  True  True  True
   True False False False]
 [False False False False False False False False False False False False
  False False False False]
 [False False False False False False False False False False False False
  False False False False]
 [False False False False False False False False False False False False
  False False False False]]",91.24999999999999,False,False,1.0,1.0,False,False,False,False,1.0,1.0,2.0,1.0,1.0,False,False,True,False,False,False,False,False,False,False,False,1.0,1.0,False,False,False,3,"(150.0, 150.0, 50.0)",300.0,move,False,False,False,0.0,standby,0.0,False,False,False,12.0,1.0,1.0,1.0,1.0,1.0,1.0,1.0,1.0,1.0,1.0,0.0,0.0,1.0,1.0,150.0,150.0,50.0,-150.0,-150.0,0.0,1.0,1.0,"[[ True False False False False False False False False False False False
  False False False False]
 [False False False False False False False False False False False False
  False False False False]
 [False False False False False False False False False False False False
  False False False False]
 [False False False False False False False False False False False False
  False False False False]
 [False False False False False False False False False False False False
  False False False False]
 [False False False False False False False False False False False False
  False False False False]
 [False False False False False False False False False False False False
  False False False False]
 [False False False False False False False False False False False False
  False False False False]
 [False False False False False False False False  True  True  True  True
   True False False False]
 [False False False False False False False False  True  True  True  True
   True False False False]
 [False False False False False False False False  True  True  True  True
   True False False False]
 [False False False False False False False False  True  True  True  True
   True False False False]
 [False False False False False False False False  True  True  True  True
   True False False False]
 [False False False False False False False False False False False False
  False False False False]
 [False False False False False False False False False False False False
  False False False False]
 [False False False False False False False False False False False False
  False False False False]]",93.5,False,False,1.0,1.0,False,False,False,False,1.0,1.0,1.0,1.0,1.0,False,False,False,False,False,False,False,False,False,False,False,1.0,1.0,False,False,False,4,"(0.0, 0.0, 50.0)",212.13203435596427,move,False,False,False,0.0,standby,0.0,False,False,False
13.0,1.0,1.0,1.0,1.0,1.0,1.0,1.0,1.0,0.0,1.0,0.0,212.13203435596427,0.0,1.0,0.0,0.0,50.0,0.0,0.0,0.0,1.0,1.0,"[[ True False False False False False False False False False False False
  False False False False]
 [False False False False False False False False False False False False
  False False False False]
 [False False False False False False False False False False False False
  False False False False]
 [False False False False False False False False False False False False
  False False False False]
 [False False False False False False False False False False False False
  False False False False]
 [False False False False False False False False False False False False
  False False False False]
 [False False False False False False False False False False False False
  False False False False]
 [False False False False False False False False False False False False
  False False False False]
 [False False False False False False False False  True  True  True  True
   True False False False]
 [False False False False False False False False  True  True  True  True
   True False False False]
 [False False False False False False False False  True  True  True  True
   True False False False]
 [False False False False False False False False  True  True  True  True
   True False False False]
 [False False False False False False False False  True  True  True  True
   True False False False]
 [False False False False False False False False False False False False
  False False False False]
 [False False False False False False False False False False False False
  False False False False]
 [False False False False False False False False False False False False
  False False False False]]",93.0,False,False,1.0,1.0,False,False,False,False,1.0,1.0,1.0,1.0,1.0,False,False,False,False,False,False,False,False,False,False,False,1.0,1.0,False,False,False,4,"(0.0, 0.0, 50.0)",0.0,hover,False,False,False,1.0,ticking,0.0,False,False,False,13.0,0.0,0.0,0.0,0.0,0.0,0.0,1.0,0.0,0.0,0.0,0.0,0.0,0.0,0.0,100.0,0.0,0.0,0.0,0.0,0.0,0.0,1.0,"[[ True False False False False False False False False False False False
  False False False False]
 [False False False False False False False False False False False False
  False False False False]
 [False False False False False False False False False False False False
  False False False False]
 [False False False False False False False False False False False False
  False False False False]
 [False False False False False False False False False False False False
  False False False False]
 [False False False False False False False False False False False False
  False False False False]
 [False False False False False False False False False False False False
  False False False False]
 [False False False False False False False False False False False False
  False False False False]
 [False False False False False False False False False False False False
  False False False False]
 [False False False False False False False False False False False False
  False False False False]
 [ True False False False False False False False False False False False
  False False False False]
 [False False False False False False False False False False False False
  False False False False]
 [False False False False False False False False False False False False
  False False False False]
 [False False False False False False False False False False False False
  False False False False]
 [False False False False False False False False False False False False
  False False False False]
 [False False False False False False False False False False False False
  False False False False]]",97.5,True,False,0.0,0.0,True,False,False,False,1.0,1.0,1.0,0.0,0.0,False,False,False,True,False,False,True,False,False,False,False,0.0,0.0,False,True,False,1,"(100.0, 0.0, 50.0)",50.0,move,False,True,False,2.0,ticking,-0.5,True,False,False,13.0,0.0,0.0,0.0,0.0,0.0,0.0,1.0,0.0,0.0,0.0,0.0,0.0,0.0,0.0,100.0,100.0,0.0,0.0,0.0,0.0,0.0,1.0,"[[ True False False False False False False False False False False False
  False False False False]
 [False False False False False False False False False False False False
  False False False False]
 [False False False False False False False False False False False False
  False False False False]
 [False False False False False False False False False False False False
  False False False False]
 [False False False False False False False False False False False False
  False False False False]
 [False False False False False False False False False False False False
  False False False False]
 [False False False False False False False False False False False False
  False False False False]
 [False False False False False False False False False False False False
  False False False False]
 [False False False False False False False False  True  True  True  True
   True False False False]
 [False False False False False False False False  True  True  True  True
   True False False False]
 [False False False False False False False False  True  True  True  True
   True False False False]
 [False False False False False False False False  True  True  True  True
   True False False False]
 [False False False False False False False False  True  True  True  True
   True False False False]
 [False False False False False False False False False False False False
  False False False False]
 [False False False False False False False False False False False False
  False False False False]
 [False False False False False False False False False False False False
  False False False False]]",96.5,True,False,0.0,0.0,True,False,False,False,1.0,1.0,1.0,0.0,0.0,False,False,False,True,False,False,True,False,False,False,False,0.0,0.0,False,True,False,2,"(100.0, 100.0, 50.0)",50.0,move,False,True,False,1.0,ticking,-0.5,True,False,False,13.0,1.0,1.0,1.0,1.0,1.0,1.0,1.0,1.0,0.0,1.0,0.0,212.13203435596427,0.0,1.0,0.0,0.0,50.0,0.0,0.0,0.0,1.0,1.0,"[[ True False False False False False False False False False False False
  False False False False]
 [False False False False False False False False False False False False
  False False False False]
 [False False False False False False False False False False False False
  False False False False]
 [False False False False False False False False False False False False
  False False False False]
 [False False False False False False False False False False False False
  False False False False]
 [False False False False False False False False False False False False
  False False False False]
 [False False False False False False False False False False False False
  False False False False]
 [False False False False False False False False False False False False
  False False False False]
 [False False False False False False False False  True  True  True  True
   True False False False]
 [False False False False False False False False  True  True  True  True
   True False False False]
 [False False False False False False False False  True  True  True  True
   True False False False]
 [False False False False False False False False  True  True  True  True
   True False False False]
 [False False False False False False False False  True  True  True  True
   True False False False]
 [False False False False False False False False False False False False
  False False False False]
 [False False False False False False False False False False False False
  False False False False]
 [False False False False False False False False False False False False
  False False False False]]",93.0,False,False,1.0,1.0,False,False,False,False,1.0,1.0,1.0,1.0,1.0,False,False,False,False,False,False,False,False,False,False,False,1.0,1.0,False,False,False,4,"(0.0, 0.0, 50.0)",0.0,hover,False,False,False,1.0,ticking,0.0,False,False,False,13.0,1.0,1.0,1.9000000000000001,1.0,2.0,1.0,1.0,1.0,1.0,1.0,-300.0,0.0,2.0,2.0,100.0,100.0,50.0,50.0,50.0,0.0,1.0,1.0,"[[ True False False False False False False False False False False False
  False False False False]
 [False False False False False False False False False False False False
  False False False False]
 [False False False False False False False False False False False False
  False False False False]
 [False False False False False False False False False False False False
  False False False False]
 [False False False False False False False False False False False False
  False False False False]
 [False False False False False False False False False False False False
  False False False False]
 [False False False False False False False False False False False False
  False False False False]
 [False False False False False False False False False False False False
  False False False False]
 [False False False False False False False False  True  True  True  True
   True False False False]
 [False False False False False False False False  True  True  True  True
   True False False False]
 [False False False False False False False False  True  True  True  True
   True False False False]
 [False False False False False False False False  True  True  True  True
   True False False False]
 [False False False False False False False False  True  True  True  True
   True False False False]
 [False False False False False False False False False False False False
  False False False False]
 [False False False False False False False False False False False False
  False False False False]
 [False False False False False False False False False False False False
  False False False False]]",89.39999999999998,False,False,1.0,1.0,False,False,False,False,1.0,1.0,2.0,1.0,1.0,False,False,True,False,False,False,False,False,False,False,False,1.0,1.0,False,False,False,3,"(150.0, 150.0, 50.0)",70.71067811865476,move,False,False,False,0.0,standby,0.0,False,False,False,13.0,1.0,1.0,1.9000000000000001,1.0,2.0,1.0,1.0,1.0,0.0,1.0,-300.0,0.0,0.0,2.0,150.0,150.0,50.0,0.0,0.0,0.0,1.0,1.0,"[[ True False False False False False False False False False False False
  False False False False]
 [False False False False False False False False False False False False
  False False False False]
 [False False False False False False False False False False False False
  False False False False]
 [False False False False False False False False False False False False
  False False False False]
 [False False False False False False False False False False False False
  False False False False]
 [False False False False False False False False False False False False
  False False False False]
 [False False False False False False False False False False False False
  False False False False]
 [False False False False False False False False False False False False
  False False False False]
 [False False False False False False False False  True  True  True  True
   True False False False]
 [False False False False False False False False  True  True  True  True
   True False False False]
 [False False False False False False False False  True  True  True  True
   True False False False]
 [False False False False False False False False  True  True  True  True
   True False False False]
 [False False False False False False False False  True  True  True  True
   True False False False]
 [False False False False False False False False False False False False
  False False False False]
 [False False False False False False False False False False False False
  False False False False]
 [False False False False False False False False False False False False
  False False False False]]",90.29999999999998,False,False,1.0,1.0,False,False,False,False,1.0,1.0,2.0,1.0,1.0,False,False,True,False,False,False,False,False,False,False,False,1.0,1.0,False,False,False,3,"(150.0, 150.0, 50.0)",0.0,hover,False,False,False,1.0,ticking,0.0,False,False,False,13.0,1.0,1.0,1.0,1.0,1.0,1.0,1.0,1.0,0.0,1.0,0.0,212.13203435596427,0.0,1.0,0.0,0.0,50.0,0.0,0.0,0.0,1.0,1.0,"[[ True False False False False False False False False False False False
  False False False False]
 [False False False False False False False False False False False False
  False False False False]
 [False False False False False False False False False False False False
  False False False False]
 [False False False False False False False False False False False False
  False False False False]
 [False False False False False False False False False False False False
  False False False False]
 [False False False False False False False False False False False False
  False False False False]
 [False False False False False False False False False False False False
  False False False False]
 [False False False False False False False False False False False False
  False False False False]
 [False False False False False False False False  True  True  True  True
   True False False False]
 [False False False False False False False False  True  True  True  True
   True False False False]
 [False False False False False False False False  True  True  True  True
   True False False False]
 [False False False False False False False False  True  True  True  True
   True False False False]
 [False False False False False False False False  True  True  True  True
   True False False False]
 [False False False False False False False False False False False False
  False False False False]
 [False False False False False False False False False False False False
  False False False False]
 [False False False False False False False False False False False False
  False False False False]]",93.0,False,False,1.0,1.0,False,False,False,False,1.0,1.0,1.0,1.0,1.0,False,False,False,False,False,False,False,False,False,False,False,1.0,1.0,False,False,False,4,"(0.0, 0.0, 50.0)",0.0,hover,False,False,False,1.0,ticking,0.0,False,False,False
14.0,1.0,1.0,1.0,1.0,1.0,1.0,1.0,1.0,0.0,1.0,0.0,0.0,0.0,1.0,0.0,0.0,50.0,0.0,0.0,0.0,1.0,1.0,"[[ True False False False False False False False False False False False
  False False False False]
 [False False False False False False False False False False False False
  False False False False]
 [False False False False False False False False False False False False
  False False False False]
 [False False False False False False False False False False False False
  False False False False]
 [False False False False False False False False False False False False
  False False False False]
 [False False False False False False False False False False False False
  False False False False]
 [False False False False False False False False False False False False
  False False False False]
 [False False False False False False False False False False False False
  False False False False]
 [False False False False False False False False  True  True  True  True
   True False False False]
 [False False False False False False False False  True  True  True  True
   True False False False]
 [False False False False False False False False  True  True  True  True
   True False False False]
 [False False False False False False False False  True  True  True  True
   True False False False]
 [False False False False False False False False  True  True  True  True
   True False False False]
 [False False False False False False False False False False False False
  False False False False]
 [False False False False False False False False False False False False
  False False False False]
 [False False False False False False False False False False False False
  False False False False]]",92.5,False,False,1.0,1.0,False,False,False,False,1.0,1.0,1.0,1.0,1.0,False,False,False,False,False,False,False,False,False,False,False,1.0,1.0,False,False,False,4,"(0.0, 0.0, 50.0)",0.0,hover,False,False,False,2.0,ticking,0.0,False,False,False,14.0,0.0,0.0,0.0,0.0,0.0,0.0,1.0,0.0,0.0,0.0,0.0,0.0,0.0,0.0,100.0,0.0,0.0,0.0,0.0,0.0,0.0,1.0,"[[ True False False False False False False False False False False False
  False False False False]
 [False False False False False False False False False False False False
  False False False False]
 [False False False False False False False False False False False False
  False False False False]
 [False False False False False False False False False False False False
  False False False False]
 [False False False False False False False False False False False False
  False False False False]
 [False False False False False False False False False False False False
  False False False False]
 [False False False False False False False False False False False False
  False False False False]
 [False False False False False False False False False False False False
  False False False False]
 [False False False False False False False False False False False False
  False False False False]
 [False False False False False False False False False False False False
  False False False False]
 [ True False False False False False False False False False False False
  False False False False]
 [False False False False False False False False False False False False
  False False False False]
 [False False False False False False False False False False False False
  False False False False]
 [False False False False False False False False False False False False
  False False False False]
 [False False False False False False False False False False False False
  False False False False]
 [False False False False False False False False False False False False
  False False False False]]",97.5,True,False,0.0,0.0,True,False,False,False,1.0,1.0,1.0,0.0,0.0,False,False,False,True,False,False,True,False,False,False,False,0.0,0.0,False,True,False,1,"(100.0, 0.0, 50.0)",50.0,move,False,True,False,2.0,ticking,-0.5,True,False,False,14.0,0.0,0.0,0.0,0.0,0.0,0.0,1.0,0.0,0.0,0.0,0.0,0.0,0.0,0.0,100.0,100.0,0.0,0.0,0.0,0.0,0.0,1.0,"[[ True False False False False False False False False False False False
  False False False False]
 [False False False False False False False False False False False False
  False False False False]
 [False False False False False False False False False False False False
  False False False False]
 [False False False False False False False False False False False False
  False False False False]
 [False False False False False False False False False False False False
  False False False False]
 [False False False False False False False False False False False False
  False False False False]
 [False False False False False False False False False False False False
  False False False False]
 [False False False False False False False False False False False False
  False False False False]
 [False False False False False False False False  True  True  True  True
   True False False False]
 [False False False False False False False False  True  True  True  True
   True False False False]
 [False False False False False False False False  True  True  True  True
   True False False False]
 [False False False False False False False False  True  True  True  True
   True False False False]
 [False False False False False False False False  True  True  True  True
   True False False False]
 [False False False False False False False False False False False False
  False False False False]
 [False False False False False False False False False False False False
  False False False False]
 [False False False False False False False False False False False False
  False False False False]]",96.5,True,False,0.0,0.0,True,False,False,False,1.0,1.0,1.0,0.0,0.0,False,False,False,True,False,False,True,False,False,False,False,0.0,0.0,False,True,False,2,"(100.0, 100.0, 50.0)",50.0,move,False,True,False,1.0,ticking,-0.5,True,False,False,14.0,1.0,1.0,1.0,1.0,1.0,1.0,1.0,1.0,0.0,1.0,0.0,0.0,0.0,1.0,0.0,0.0,50.0,0.0,0.0,0.0,1.0,1.0,"[[ True False False False False False False False False False False False
  False False False False]
 [False False False False False False False False False False False False
  False False False False]
 [False False False False False False False False False False False False
  False False False False]
 [False False False False False False False False False False False False
  False False False False]
 [False False False False False False False False False False False False
  False False False False]
 [False False False False False False False False False False False False
  False False False False]
 [False False False False False False False False False False False False
  False False False False]
 [False False False False False False False False False False False False
  False False False False]
 [False False False False False False False False  True  True  True  True
   True False False False]
 [False False False False False False False False  True  True  True  True
   True False False False]
 [False False False False False False False False  True  True  True  True
   True False False False]
 [False False False False False False False False  True  True  True  True
   True False False False]
 [False False False False False False False False  True  True  True  True
   True False False False]
 [False False False False False False False False False False False False
  False False False False]
 [False False False False False False False False False False False False
  False False False False]
 [False False False False False False False False False False False False
  False False False False]]",92.5,False,False,1.0,1.0,False,False,False,False,1.0,1.0,1.0,1.0,1.0,False,False,False,False,False,False,False,False,False,False,False,1.0,1.0,False,False,False,4,"(0.0, 0.0, 50.0)",0.0,hover,False,False,False,2.0,ticking,0.0,False,False,False,14.0,1.0,1.0,1.9000000000000001,1.0,2.0,1.0,1.0,1.0,0.0,0.0,300.0,70.71067811865476,0.0,0.0,150.0,150.0,350.0,0.0,0.0,-300.0,1.0,1.0,"[[ True False False False False False False False False False False False
  False False False False]
 [False False False False False False False False False False False False
  False False False False]
 [False False False False False False False False False False False False
  False False False False]
 [False False False False False False False False False False False False
  False False False False]
 [False False False False False False False False False False False False
  False False False False]
 [False False False False False False False False False False False False
  False False False False]
 [False False False False False False False False False False False False
  False False False False]
 [False False False False False False False False False False False False
  False False False False]
 [False False False False False False False False  True  True  True  True
   True False False False]
 [False False False False False False False False  True  True  True  True
   True False False False]
 [False False False False False False False False  True  True  True  True
   True False False False]
 [False False False False False False False False  True  True  True  True
   True False False False]
 [False False False False False False False False  True  True  True  True
   True False False False]
 [False False False False False False False False False False False False
  False False False False]
 [False False False False False False False False False False False False
  False False False False]
 [False False False False False False False False False False False False
  False False False False]]",88.44999999999997,False,False,1.0,1.0,False,False,False,False,1.0,1.0,2.0,1.0,1.0,False,False,True,False,False,False,False,False,False,False,False,1.0,1.0,False,False,False,3,"(150.0, 150.0, 50.0)",300.0,move,False,False,False,0.0,standby,0.0,False,False,False,14.0,1.0,1.0,1.9000000000000001,1.0,2.0,1.0,1.0,1.0,0.0,0.0,300.0,0.0,0.0,0.0,150.0,150.0,350.0,0.0,0.0,-300.0,1.0,1.0,"[[ True False False False False False False False False False False False
  False False False False]
 [False False False False False False False False False False False False
  False False False False]
 [False False False False False False False False False False False False
  False False False False]
 [False False False False False False False False False False False False
  False False False False]
 [False False False False False False False False False False False False
  False False False False]
 [False False False False False False False False False False False False
  False False False False]
 [False False False False False False False False False False False False
  False False False False]
 [False False False False False False False False False False False False
  False False False False]
 [False False False False False False False False  True  True  True  True
   True False False False]
 [False False False False False False False False  True  True  True  True
   True False False False]
 [False False False False False False False False  True  True  True  True
   True False False False]
 [False False False False False False False False  True  True  True  True
   True False False False]
 [False False False False False False False False  True  True  True  True
   True False False False]
 [False False False False False False False False False False False False
  False False False False]
 [False False False False False False False False False False False False
  False False False False]
 [False False False False False False False False False False False False
  False False False False]]",89.34999999999998,False,False,1.0,1.0,False,False,False,False,1.0,1.0,2.0,1.0,1.0,False,False,True,False,False,False,False,False,False,False,False,1.0,1.0,False,False,False,3,"(150.0, 150.0, 50.0)",300.0,move,False,False,False,1.0,ticking,0.0,False,False,False,14.0,1.0,1.0,1.0,1.0,1.0,1.0,1.0,1.0,0.0,1.0,0.0,0.0,0.0,1.0,0.0,0.0,50.0,0.0,0.0,0.0,1.0,1.0,"[[ True False False False False False False False False False False False
  False False False False]
 [False False False False False False False False False False False False
  False False False False]
 [False False False False False False False False False False False False
  False False False False]
 [False False False False False False False False False False False False
  False False False False]
 [False False False False False False False False False False False False
  False False False False]
 [False False False False False False False False False False False False
  False False False False]
 [False False False False False False False False False False False False
  False False False False]
 [False False False False False False False False False False False False
  False False False False]
 [False False False False False False False False  True  True  True  True
   True False False False]
 [False False False False False False False False  True  True  True  True
   True False False False]
 [False False False False False False False False  True  True  True  True
   True False False False]
 [False False False False False False False False  True  True  True  True
   True False False False]
 [False False False False False False False False  True  True  True  True
   True False False False]
 [False False False False False False False False False False False False
  False False False False]
 [False False False False False False False False False False False False
  False False False False]
 [False False False False False False False False False False False False
  False False False False]]",92.5,False,False,1.0,1.0,False,False,False,False,1.0,1.0,1.0,1.0,1.0,False,False,False,False,False,False,False,False,False,False,False,1.0,1.0,False,False,False,4,"(0.0, 0.0, 50.0)",0.0,hover,False,False,False,2.0,ticking,0.0,False,False,False
15.0,1.0,1.0,1.0,1.0,1.0,1.0,1.0,1.0,0.0,0.875,0.0,0.0,0.0,0.875,0.0,0.0,50.0,0.0,0.0,-37.5,1.0,1.0,"[[ True False False False False False False False False False False False
  False False False False]
 [False False False False False False False False False False False False
  False False False False]
 [False False False False False False False False False False False False
  False False False False]
 [False False False False False False False False False False False False
  False False False False]
 [False False False False False False False False False False False False
  False False False False]
 [False False False False False False False False False False False False
  False False False False]
 [False False False False False False False False False False False False
  False False False False]
 [False False False False False False False False False False False False
  False False False False]
 [False False False False False False False False  True  True  True  True
   True False False False]
 [False False False False False False False False  True  True  True  True
   True False False False]
 [False False False False False False False False  True  True  True  True
   True False False False]
 [False False False False False False False False  True  True  True  True
   True False False False]
 [False False False False False False False False  True  True  True  True
   True False False False]
 [False False False False False False False False False False False False
  False False False False]
 [False False False False False False False False False False False False
  False False False False]
 [False False False False False False False False False False False False
  False False False False]]",92.0,False,False,1.0,1.0,False,False,False,False,1.0,1.0,1.0,1.0,1.0,False,False,False,False,False,False,False,False,False,False,False,1.0,1.0,False,False,False,5,"(0.0, 0.0, 0.0)",50.0,descend,False,False,False,0.0,standby,0.0,False,False,False,15.0,0.0,0.0,0.0,0.0,0.0,0.0,1.0,0.0,0.0,0.0,0.0,0.0,0.0,0.0,100.0,0.0,0.0,0.0,0.0,0.0,0.0,1.0,"[[ True False False False False False False False False False False False
  False False False False]
 [False False False False False False False False False False False False
  False False False False]
 [False False False False False False False False False False False False
  False False False False]
 [False False False False False False False False False False False False
  False False False False]
 [False False False False False False False False False False False False
  False False False False]
 [False False False False False False False False False False False False
  False False False False]
 [False False False False False False False False False False False False
  False False False False]
 [False False False False False False False False False False False False
  False False False False]
 [False False False False False False False False False False False False
  False False False False]
 [False False False False False False False False False False False False
  False False False False]
 [ True False False False False False False False False False False False
  False False False False]
 [False False False False False False False False False False False False
  False False False False]
 [False False False False False False False False False False False False
  False False False False]
 [False False False False False False False False False False False False
  False False False False]
 [False False False False False False False False False False False False
  False False False False]
 [False False False False False False False False False False False False
  False False False False]]",97.5,True,False,0.0,0.0,True,False,False,False,1.0,1.0,1.0,0.0,0.0,False,False,False,True,False,False,True,False,False,False,False,0.0,0.0,False,True,False,1,"(100.0, 0.0, 50.0)",50.0,move,False,True,False,2.0,ticking,-0.5,True,False,False,15.0,0.0,0.0,0.0,0.0,0.0,0.0,1.0,0.0,0.0,0.0,0.0,0.0,0.0,0.0,100.0,100.0,0.0,0.0,0.0,0.0,0.0,1.0,"[[ True False False False False False False False False False False False
  False False False False]
 [False False False False False False False False False False False False
  False False False False]
 [False False False False False False False False False False False False
  False False False False]
 [False False False False False False False False False False False False
  False False False False]
 [False False False False False False False False False False False False
  False False False False]
 [False False False False False False False False False False False False
  False False False False]
 [False False False False False False False False False False False False
  False False False False]
 [False False False False False False False False False False False False
  False False False False]
 [False False False False False False False False  True  True  True  True
   True False False False]
 [False False False False False False False False  True  True  True  True
   True False False False]
 [False False False False False False False False  True  True  True  True
   True False False False]
 [False False False False False False False False  True  True  True  True
   True False False False]
 [False False False False False False False False  True  True  True  True
   True False False False]
 [False False False False False False False False False False False False
  False False False False]
 [False False False False False False False False False False False False
  False False False False]
 [False False False False False False False False False False False False
  False False False False]]",96.5,True,False,0.0,0.0,True,False,False,False,1.0,1.0,1.0,0.0,0.0,False,False,False,True,False,False,True,False,False,False,False,0.0,0.0,False,True,False,2,"(100.0, 100.0, 50.0)",50.0,move,False,True,False,1.0,ticking,-0.5,True,False,False,15.0,1.0,1.0,0.0,0.0,1.0,0.0,1.0,0.0,0.0,0.0,0.0,0.0,0.0,0.0,0.0,0.0,50.0,0.0,0.0,0.0,0.0,1.0,"[[ True False False False False False False False False False False False
  False False False False]
 [False False False False False False False False False False False False
  False False False False]
 [False False False False False False False False False False False False
  False False False False]
 [False False False False False False False False False False False False
  False False False False]
 [False False False False False False False False False False False False
  False False False False]
 [False False False False False False False False False False False False
  False False False False]
 [False False False False False False False False False False False False
  False False False False]
 [False False False False False False False False False False False False
  False False False False]
 [False False False False False False False False  True  True  True  True
   True False False False]
 [False False False False False False False False  True  True  True  True
   True False False False]
 [False False False False False False False False  True  True  True  True
   True False False False]
 [False False False False False False False False  True  True  True  True
   True False False False]
 [False False False False False False False False  True  True  True  True
   True False False False]
 [False False False False False False False False False False False False
  False False False False]
 [False False False False False False False False False False False False
  False False False False]
 [False False False False False False False False False False False False
  False False False False]]",92.5,True,False,1.0,1.0,False,False,False,False,1.0,1.0,1.0,1.0,1.0,False,False,False,False,False,False,False,False,False,False,False,1.0,0.0,False,False,False,5,"(0.0, 0.0, 0.0)",50.0,descend,False,False,False,0.0,standby,0.0,False,False,False,15.0,1.0,1.0,1.9000000000000001,1.0,2.0,1.0,1.0,1.0,0.0,1.0,-300.0,0.0,0.0,2.0,150.0,150.0,50.0,0.0,0.0,0.0,1.0,1.0,"[[ True False False False False False False False False False False False
  False False False False]
 [False False False False False False False False False False False False
  False False False False]
 [False False False False False False False False False False False False
  False False False False]
 [False False False False False False False False False False False False
  False False False False]
 [False False False False False False False False False False False False
  False False False False]
 [False False False False False False False False False False False False
  False False False False]
 [False False False False False False False False False False False False
  False False False False]
 [False False False False False False False False False False False False
  False False False False]
 [False False False False False False False False  True  True  True  True
   True False False False]
 [False False False False False False False False  True  True  True  True
   True False False False]
 [False False False False False False False False  True  True  True  True
   True False False False]
 [False False False False False False False False  True  True  True  True
   True False False False]
 [False False False False False False False False  True  True  True  True
   True False False False]
 [False False False False False False False False False False False False
  False False False False]
 [False False False False False False False False False False False False
  False False False False]
 [False False False False False False False False False False False False
  False False False False]]",87.49999999999997,False,False,1.0,1.0,False,False,False,False,1.0,1.0,2.0,1.0,1.0,False,False,True,False,False,False,False,False,False,False,False,1.0,1.0,False,False,False,3,"(150.0, 150.0, 50.0)",0.0,hover,False,False,False,1.0,ticking,0.0,False,False,False,15.0,1.0,1.0,1.9000000000000001,1.0,2.0,1.0,1.0,1.0,0.0,1.0,-300.0,0.0,0.0,2.0,150.0,150.0,50.0,0.0,0.0,0.0,1.0,1.0,"[[ True False False False False False False False False False False False
  False False False False]
 [False False False False False False False False False False False False
  False False False False]
 [False False False False False False False False False False False False
  False False False False]
 [False False False False False False False False False False False False
  False False False False]
 [False False False False False False False False False False False False
  False False False False]
 [False False False False False False False False False False False False
  False False False False]
 [False False False False False False False False False False False False
  False False False False]
 [False False False False False False False False False False False False
  False False False False]
 [False False False False False False False False  True  True  True  True
   True False False False]
 [False False False False False False False False  True  True  True  True
   True False False False]
 [False False False False False False False False  True  True  True  True
   True False False False]
 [False False False False False False False False  True  True  True  True
   True False False False]
 [False False False False False False False False  True  True  True  True
   True False False False]
 [False False False False False False False False False False False False
  False False False False]
 [False False False False False False False False False False False False
  False False False False]
 [False False False False False False False False False False False False
  False False False False]]",88.39999999999998,False,False,1.0,1.0,False,False,False,False,1.0,1.0,2.0,1.0,1.0,False,False,True,False,False,False,False,False,False,False,False,1.0,1.0,False,False,False,3,"(150.0, 150.0, 50.0)",0.0,hover,False,False,False,2.0,ticking,0.0,False,False,False,15.0,1.0,1.0,1.9000000000000001,1.0,2.0,1.0,1.0,1.0,0.0,0.875,0.0,0.0,0.0,1.75,0.0,0.0,50.0,0.0,0.0,-37.5,1.0,1.0,"[[ True False False False False False False False False False False False
  False False False False]
 [False False False False False False False False False False False False
  False False False False]
 [False False False False False False False False False False False False
  False False False False]
 [False False False False False False False False False False False False
  False False False False]
 [False False False False False False False False False False False False
  False False False False]
 [False False False False False False False False False False False False
  False False False False]
 [False False False False False False False False False False False False
  False False False False]
 [False False False False False False False False False False False False
  False False False False]
 [False False False False False False False False  True  True  True  True
   True False False False]
 [False False False False False False False False  True  True  True  True
   True False False False]
 [False False False False False False False False  True  True  True  True
   True False False False]
 [False False False False False False False False  True  True  True  True
   True False False False]
 [False False False False False False False False  True  True  True  True
   True False False False]
 [False False False False False False False False False False False False
  False False False False]
 [False False False False False False False False False False False False
  False False False False]
 [False False False False False False False False False False False False
  False False False False]]",92.0,False,False,1.0,1.0,False,False,False,False,1.0,1.0,2.0,1.0,1.0,False,False,True,False,False,False,False,False,False,False,False,1.0,1.0,False,False,False,5,"(0.0, 0.0, 0.0)",50.0,descend,False,False,False,0.0,standby,0.0,False,False,False
16.0,1.0,1.0,1.0,1.0,1.0,1.0,1.0,1.0,0.0,0.96875,-37.5,0.0,0.0,0.96875,0.0,0.0,12.5,0.0,0.0,-9.375,1.0,1.0,"[[ True False False False False False False False False False False False
  False False False False]
 [False False False False False False False False False False False False
  False False False False]
 [False False False False False False False False False False False False
  False False False False]
 [False False False False False False False False False False False False
  False False False False]
 [False False False False False False False False False False False False
  False False False False]
 [False False False False False False False False False False False False
  False False False False]
 [False False False False False False False False False False False False
  False False False False]
 [False False False False False False False False False False False False
  False False False False]
 [False False False False False False False False  True  True  True  True
   True False False False]
 [False False False False False False False False  True  True  True  True
   True False False False]
 [False False False False False False False False  True  True  True  True
   True False False False]
 [False False False False False False False False  True  True  True  True
   True False False False]
 [False False False False False False False False  True  True  True  True
   True False False False]
 [False False False False False False False False False False False False
  False False False False]
 [False False False False False False False False False False False False
  False False False False]
 [False False False False False False False False False False False False
  False False False False]]",91.5,False,False,1.0,1.0,False,False,False,False,1.0,1.0,1.0,1.0,1.0,False,False,False,False,False,False,False,False,False,False,False,1.0,1.0,False,False,False,5,"(0.0, 0.0, 0.0)",12.5,descend,False,False,False,0.0,standby,0.0,False,False,False,16.0,0.0,0.0,0.0,0.0,0.0,0.0,1.0,0.0,0.0,0.0,0.0,0.0,0.0,0.0,100.0,0.0,0.0,0.0,0.0,0.0,0.0,1.0,"[[ True False False False False False False False False False False False
  False False False False]
 [False False False False False False False False False False False False
  False False False False]
 [False False False False False False False False False False False False
  False False False False]
 [False False False False False False False False False False False False
  False False False False]
 [False False False False False False False False False False False False
  False False False False]
 [False False False False False False False False False False False False
  False False False False]
 [False False False False False False False False False False False False
  False False False False]
 [False False False False False False False False False False False False
  False False False False]
 [False False False False False False False False False False False False
  False False False False]
 [False False False False False False False False False False False False
  False False False False]
 [ True False False False False False False False False False False False
  False False False False]
 [False False False False False False False False False False False False
  False False False False]
 [False False False False False False False False False False False False
  False False False False]
 [False False False False False False False False False False False False
  False False False False]
 [False False False False False False False False False False False False
  False False False False]
 [False False False False False False False False False False False False
  False False False False]]",97.5,True,False,0.0,0.0,True,False,False,False,1.0,1.0,1.0,0.0,0.0,False,False,False,True,False,False,True,False,False,False,False,0.0,0.0,False,True,False,1,"(100.0, 0.0, 50.0)",50.0,move,False,True,False,2.0,ticking,-0.5,True,False,False,16.0,0.0,0.0,0.0,0.0,0.0,0.0,1.0,0.0,0.0,0.0,0.0,0.0,0.0,0.0,100.0,100.0,0.0,0.0,0.0,0.0,0.0,1.0,"[[ True False False False False False False False False False False False
  False False False False]
 [False False False False False False False False False False False False
  False False False False]
 [False False False False False False False False False False False False
  False False False False]
 [False False False False False False False False False False False False
  False False False False]
 [False False False False False False False False False False False False
  False False False False]
 [False False False False False False False False False False False False
  False False False False]
 [False False False False False False False False False False False False
  False False False False]
 [False False False False False False False False False False False False
  False False False False]
 [False False False False False False False False  True  True  True  True
   True False False False]
 [False False False False False False False False  True  True  True  True
   True False False False]
 [False False False False False False False False  True  True  True  True
   True False False False]
 [False False False False False False False False  True  True  True  True
   True False False False]
 [False False False False False False False False  True  True  True  True
   True False False False]
 [False False False False False False False False False False False False
  False False False False]
 [False False False False False False False False False False False False
  False False False False]
 [False False False False False False False False False False False False
  False False False False]]",96.5,True,False,0.0,0.0,True,False,False,False,1.0,1.0,1.0,0.0,0.0,False,False,False,True,False,False,True,False,False,False,False,0.0,0.0,False,True,False,2,"(100.0, 100.0, 50.0)",50.0,move,False,True,False,1.0,ticking,-0.5,True,False,False,16.0,0.0,0.0,0.0,0.0,0.0,0.0,1.0,0.0,0.0,0.0,-50.0,0.0,0.0,0.0,0.0,0.0,0.0,0.0,0.0,0.0,0.0,1.0,"[[ True False False False False False False False False False False False
  False False False False]
 [False False False False False False False False False False False False
  False False False False]
 [False False False False False False False False False False False False
  False False False False]
 [False False False False False False False False False False False False
  False False False False]
 [False False False False False False False False False False False False
  False False False False]
 [False False False False False False False False False False False False
  False False False False]
 [False False False False False False False False False False False False
  False False False False]
 [False False False False False False False False False False False False
  False False False False]
 [False False False False False False False False  True  True  True  True
   True False False False]
 [False False False False False False False False  True  True  True  True
   True False False False]
 [False False False False False False False False  True  True  True  True
   True False False False]
 [False False False False False False False False  True  True  True  True
   True False False False]
 [False False False False False False False False  True  True  True  True
   True False False False]
 [False False False False False False False False False False False False
  False False False False]
 [False False False False False False False False False False False False
  False False False False]
 [False False False False False False False False False False False False
  False False False False]]",92.5,True,False,0.0,0.0,True,False,False,False,1.0,1.0,1.0,0.0,0.0,False,False,False,True,False,False,True,False,False,False,False,0.0,0.0,False,True,False,5,"(0.0, 0.0, 0.0)",0.0,taxi,False,True,False,0.0,standby,-0.8333333333333334,True,False,False,16.0,1.0,1.0,1.9000000000000001,1.0,2.0,1.0,1.0,1.0,0.0,0.0,300.0,0.0,0.0,0.0,150.0,150.0,350.0,0.0,0.0,-300.0,1.0,1.0,"[[ True False False False False False False False False False False False
  False False False False]
 [False False False False False False False False False False False False
  False False False False]
 [False False False False False False False False False False False False
  False False False False]
 [False False False False False False False False False False False False
  False False False False]
 [False False False False False False False False False False False False
  False False False False]
 [False False False False False False False False False False False False
  False False False False]
 [False False False False False False False False False False False False
  False False False False]
 [False False False False False False False False False False False False
  False False False False]
 [False False False False False False False False  True  True  True  True
   True False False False]
 [False False False False False False False False  True  True  True  True
   True False False False]
 [False False False False False False False False  True  True  True  True
   True False False False]
 [False False False False False False False False  True  True  True  True
   True False False False]
 [False False False False False False False False  True  True  True  True
   True False False False]
 [False False False False False False False False False False False False
  False False False False]
 [False False False False False False False False False False False False
  False False False False]
 [False False False False False False False False False False False False
  False False False False]]",86.54999999999997,False,False,1.0,1.0,False,False,False,False,1.0,1.0,2.0,1.0,1.0,False,False,True,False,False,False,False,False,False,False,False,1.0,1.0,False,False,False,3,"(150.0, 150.0, 50.0)",300.0,move,False,False,False,1.0,ticking,0.0,False,False,False,16.0,1.0,1.0,1.9000000000000001,1.0,2.0,1.0,1.0,1.0,0.0,0.0,300.0,0.0,0.0,0.0,150.0,150.0,350.0,0.0,0.0,-300.0,1.0,1.0,"[[ True False False False False False False False False False False False
  False False False False]
 [False False False False False False False False False False False False
  False False False False]
 [False False False False False False False False False False False False
  False False False False]
 [False False False False False False False False False False False False
  False False False False]
 [False False False False False False False False False False False False
  False False False False]
 [False False False False False False False False False False False False
  False False False False]
 [False False False False False False False False False False False False
  False False False False]
 [False False False False False False False False False False False False
  False False False False]
 [False False False False False False False False  True  True  True  True
   True False False False]
 [False False False False False False False False  True  True  True  True
   True False False False]
 [False False False False False False False False  True  True  True  True
   True False False False]
 [False False False False False False False False  True  True  True  True
   True False False False]
 [False False False False False False False False  True  True  True  True
   True False False False]
 [False False False False False False False False False False False False
  False False False False]
 [False False False False False False False False False False False False
  False False False False]
 [False False False False False False False False False False False False
  False False False False]]",87.44999999999997,False,False,1.0,1.0,False,False,False,False,1.0,1.0,2.0,1.0,1.0,False,False,True,False,False,False,False,False,False,False,False,1.0,1.0,False,False,False,3,"(150.0, 150.0, 50.0)",300.0,move,False,False,False,2.0,ticking,0.0,False,False,False,16.0,1.0,1.0,1.9000000000000001,1.0,2.0,1.0,1.0,1.0,0.0,0.3125,225.0,0.0,0.0,0.625,0.0,0.0,275.0,0.0,0.0,-206.25,1.0,1.0,"[[ True False False False False False False False False False False False
  False False False False]
 [False False False False False False False False False False False False
  False False False False]
 [False False False False False False False False False False False False
  False False False False]
 [False False False False False False False False False False False False
  False False False False]
 [False False False False False False False False False False False False
  False False False False]
 [False False False False False False False False False False False False
  False False False False]
 [False False False False False False False False False False False False
  False False False False]
 [False False False False False False False False False False False False
  False False False False]
 [False False False False False False False False  True  True  True  True
   True False False False]
 [False False False False False False False False  True  True  True  True
   True False False False]
 [False False False False False False False False  True  True  True  True
   True False False False]
 [False False False False False False False False  True  True  True  True
   True False False False]
 [False False False False False False False False  True  True  True  True
   True False False False]
 [False False False False False False False False False False False False
  False False False False]
 [False False False False False False False False False False False False
  False False False False]
 [False False False False False False False False False False False False
  False False False False]]",91.05,False,False,1.0,1.0,False,False,False,False,1.0,1.0,2.0,1.0,1.0,False,False,True,False,False,False,False,False,False,False,False,1.0,1.0,False,False,False,5,"(0.0, 0.0, 0.0)",275.0,descend,False,False,False,0.0,standby,0.0,False,False,False
17.0,1.0,1.0,1.0,1.0,1.0,1.0,1.0,1.0,0.0,0.9933333333333333,-9.375,0.0,0.0,0.9933333333333333,0.0,0.0,3.12,0.0,0.0,-2.0,1.0,1.0,"[[ True False False False False False False False False False False False
  False False False False]
 [False False False False False False False False False False False False
  False False False False]
 [False False False False False False False False False False False False
  False False False False]
 [False False False False False False False False False False False False
  False False False False]
 [False False False False False False False False False False False False
  False False False False]
 [False False False False False False False False False False False False
  False False False False]
 [False False False False False False False False False False False False
  False False False False]
 [False False False False False False False False False False False False
  False False False False]
 [False False False False False False False False  True  True  True  True
   True False False False]
 [False False False False False False False False  True  True  True  True
   True False False False]
 [False False False False False False False False  True  True  True  True
   True False False False]
 [False False False False False False False False  True  True  True  True
   True False False False]
 [False False False False False False False False  True  True  True  True
   True False False False]
 [False False False False False False False False False False False False
  False False False False]
 [False False False False False False False False False False False False
  False False False False]
 [False False False False False False False False False False False False
  False False False False]]",91.0,False,False,1.0,1.0,False,False,False,False,1.0,1.0,1.0,1.0,1.0,False,False,False,False,False,False,False,False,False,False,False,1.0,1.0,False,False,False,5,"(0.0, 0.0, 0.0)",3.12,land,False,False,False,0.0,standby,0.0,False,False,False,17.0,0.0,0.0,0.0,0.0,0.0,0.0,1.0,0.0,0.0,0.0,0.0,0.0,0.0,0.0,100.0,0.0,0.0,0.0,0.0,0.0,0.0,1.0,"[[ True False False False False False False False False False False False
  False False False False]
 [False False False False False False False False False False False False
  False False False False]
 [False False False False False False False False False False False False
  False False False False]
 [False False False False False False False False False False False False
  False False False False]
 [False False False False False False False False False False False False
  False False False False]
 [False False False False False False False False False False False False
  False False False False]
 [False False False False False False False False False False False False
  False False False False]
 [False False False False False False False False False False False False
  False False False False]
 [False False False False False False False False False False False False
  False False False False]
 [False False False False False False False False False False False False
  False False False False]
 [ True False False False False False False False False False False False
  False False False False]
 [False False False False False False False False False False False False
  False False False False]
 [False False False False False False False False False False False False
  False False False False]
 [False False False False False False False False False False False False
  False False False False]
 [False False False False False False False False False False False False
  False False False False]
 [False False False False False False False False False False False False
  False False False False]]",97.5,True,False,0.0,0.0,True,False,False,False,1.0,1.0,1.0,0.0,0.0,False,False,False,True,False,False,True,False,False,False,False,0.0,0.0,False,True,False,1,"(100.0, 0.0, 50.0)",50.0,move,False,True,False,2.0,ticking,-0.5,True,False,False,17.0,0.0,0.0,0.0,0.0,0.0,0.0,1.0,0.0,0.0,0.0,0.0,0.0,0.0,0.0,100.0,100.0,0.0,0.0,0.0,0.0,0.0,1.0,"[[ True False False False False False False False False False False False
  False False False False]
 [False False False False False False False False False False False False
  False False False False]
 [False False False False False False False False False False False False
  False False False False]
 [False False False False False False False False False False False False
  False False False False]
 [False False False False False False False False False False False False
  False False False False]
 [False False False False False False False False False False False False
  False False False False]
 [False False False False False False False False False False False False
  False False False False]
 [False False False False False False False False False False False False
  False False False False]
 [False False False False False False False False  True  True  True  True
   True False False False]
 [False False False False False False False False  True  True  True  True
   True False False False]
 [False False False False False False False False  True  True  True  True
   True False False False]
 [False False False False False False False False  True  True  True  True
   True False False False]
 [False False False False False False False False  True  True  True  True
   True False False False]
 [False False False False False False False False False False False False
  False False False False]
 [False False False False False False False False False False False False
  False False False False]
 [False False False False False False False False False False False False
  False False False False]]",96.5,True,False,0.0,0.0,True,False,False,False,1.0,1.0,1.0,0.0,0.0,False,False,False,True,False,False,True,False,False,False,False,0.0,0.0,False,True,False,2,"(100.0, 100.0, 50.0)",50.0,move,False,True,False,1.0,ticking,-0.5,True,False,False,17.0,0.0,0.0,0.0,0.0,0.0,0.0,1.0,0.0,0.0,0.0,0.0,0.0,0.0,0.0,0.0,0.0,0.0,0.0,0.0,0.0,0.0,1.0,"[[ True False False False False False False False False False False False
  False False False False]
 [False False False False False False False False False False False False
  False False False False]
 [False False False False False False False False False False False False
  False False False False]
 [False False False False False False False False False False False False
  False False False False]
 [False False False False False False False False False False False False
  False False False False]
 [False False False False False False False False False False False False
  False False False False]
 [False False False False False False False False False False False False
  False False False False]
 [False False False False False False False False False False False False
  False False False False]
 [False False False False False False False False  True  True  True  True
   True False False False]
 [False False False False False False False False  True  True  True  True
   True False False False]
 [False False False False False False False False  True  True  True  True
   True False False False]
 [False False False False False False False False  True  True  True  True
   True False False False]
 [False False False False False False False False  True  True  True  True
   True False False False]
 [False False False False False False False False False False False False
  False False False False]
 [False False False False False False False False False False False False
  False False False False]
 [False False False False False False False False False False False False
  False False False False]]",92.5,True,False,0.0,0.0,True,False,False,False,1.0,1.0,1.0,0.0,0.0,False,False,False,True,False,False,True,False,False,False,False,0.0,0.0,False,True,False,5,"(0.0, 0.0, 0.0)",0.0,taxi,False,True,False,0.0,standby,-0.5,True,False,False,17.0,1.0,1.0,1.9000000000000001,1.0,2.0,1.0,1.0,1.0,0.0,1.0,-300.0,0.0,0.0,2.0,150.0,150.0,50.0,0.0,0.0,0.0,1.0,1.0,"[[ True False False False False False False False False False False False
  False False False False]
 [False False False False False False False False False False False False
  False False False False]
 [False False False False False False False False False False False False
  False False False False]
 [False False False False False False False False False False False False
  False False False False]
 [False False False False False False False False False False False False
  False False False False]
 [False False False False False False False False False False False False
  False False False False]
 [False False False False False False False False False False False False
  False False False False]
 [False False False False False False False False False False False False
  False False False False]
 [False False False False False False False False  True  True  True  True
   True False False False]
 [False False False False False False False False  True  True  True  True
   True False False False]
 [False False False False False False False False  True  True  True  True
   True False False False]
 [False False False False False False False False  True  True  True  True
   True False False False]
 [False False False False False False False False  True  True  True  True
   True False False False]
 [False False False False False False False False False False False False
  False False False False]
 [False False False False False False False False False False False False
  False False False False]
 [False False False False False False False False False False False False
  False False False False]]",85.59999999999997,False,False,1.0,1.0,False,False,False,False,1.0,1.0,2.0,1.0,1.0,False,False,True,False,False,False,False,False,False,False,False,1.0,1.0,False,False,False,3,"(150.0, 150.0, 50.0)",0.0,hover,False,False,False,2.0,ticking,0.0,False,False,False,17.0,1.0,1.0,1.9000000000000001,1.0,2.0,1.0,1.0,1.0,1.0,1.0,-300.0,0.0,2.0,2.0,150.0,150.0,50.0,-150.0,-150.0,0.0,1.0,1.0,"[[ True False False False False False False False False False False False
  False False False False]
 [False False False False False False False False False False False False
  False False False False]
 [False False False False False False False False False False False False
  False False False False]
 [False False False False False False False False False False False False
  False False False False]
 [False False False False False False False False False False False False
  False False False False]
 [False False False False False False False False False False False False
  False False False False]
 [False False False False False False False False False False False False
  False False False False]
 [False False False False False False False False False False False False
  False False False False]
 [False False False False False False False False  True  True  True  True
   True False False False]
 [False False False False False False False False  True  True  True  True
   True False False False]
 [False False False False False False False False  True  True  True  True
   True False False False]
 [False False False False False False False False  True  True  True  True
   True False False False]
 [False False False False False False False False  True  True  True  True
   True False False False]
 [False False False False False False False False False False False False
  False False False False]
 [False False False False False False False False False False False False
  False False False False]
 [False False False False False False False False False False False False
  False False False False]]",86.49999999999997,False,False,1.0,1.0,False,False,False,False,1.0,1.0,2.0,1.0,1.0,False,False,True,False,False,False,False,False,False,False,False,1.0,1.0,False,False,False,4,"(0.0, 0.0, 50.0)",212.13203435596427,move,False,False,False,0.0,standby,0.0,False,False,False,17.0,1.0,1.0,1.9000000000000001,1.0,2.0,1.0,1.0,1.0,0.0,0.59375,-112.5,0.0,0.0,1.1875,0.0,0.0,162.5,0.0,0.0,-121.875,1.0,1.0,"[[ True False False False False False False False False False False False
  False False False False]
 [False False False False False False False False False False False False
  False False False False]
 [False False False False False False False False False False False False
  False False False False]
 [False False False False False False False False False False False False
  False False False False]
 [False False False False False False False False False False False False
  False False False False]
 [False False False False False False False False False False False False
  False False False False]
 [False False False False False False False False False False False False
  False False False False]
 [False False False False False False False False False False False False
  False False False False]
 [False False False False False False False False  True  True  True  True
   True False False False]
 [False False False False False False False False  True  True  True  True
   True False False False]
 [False False False False False False False False  True  True  True  True
   True False False False]
 [False False False False False False False False  True  True  True  True
   True False False False]
 [False False False False False False False False  True  True  True  True
   True False False False]
 [False False False False False False False False False False False False
  False False False False]
 [False False False False False False False False False False False False
  False False False False]
 [False False False False False False False False False False False False
  False False False False]]",90.1,False,False,1.0,1.0,False,False,False,False,1.0,1.0,2.0,1.0,1.0,False,False,True,False,False,False,False,False,False,False,False,1.0,1.0,False,False,False,5,"(0.0, 0.0, 0.0)",162.5,descend,False,False,False,0.0,standby,0.0,False,False,False
18.0,1.0,1.0,1.0,1.0,1.0,1.0,1.0,1.0,0.0,0.9933333333333333,-2.0,0.0,0.0,0.9933333333333333,0.0,0.0,1.12,0.0,0.0,-2.0,1.0,1.0,"[[ True False False False False False False False False False False False
  False False False False]
 [False False False False False False False False False False False False
  False False False False]
 [False False False False False False False False False False False False
  False False False False]
 [False False False False False False False False False False False False
  False False False False]
 [False False False False False False False False False False False False
  False False False False]
 [False False False False False False False False False False False False
  False False False False]
 [False False False False False False False False False False False False
  False False False False]
 [False False False False False False False False False False False False
  False False False False]
 [False False False False False False False False  True  True  True  True
   True False False False]
 [False False False False False False False False  True  True  True  True
   True False False False]
 [False False False False False False False False  True  True  True  True
   True False False False]
 [False False False False False False False False  True  True  True  True
   True False False False]
 [False False False False False False False False  True  True  True  True
   True False False False]
 [False False False False False False False False False False False False
  False False False False]
 [False False False False False False False False False False False False
  False False False False]
 [False False False False False False False False False False False False
  False False False False]]",90.5,False,False,1.0,1.0,False,False,False,False,1.0,1.0,1.0,1.0,1.0,False,False,False,False,False,False,False,False,False,False,False,1.0,1.0,False,False,False,5,"(0.0, 0.0, 0.0)",1.12,land,False,False,False,0.0,standby,0.0,False,False,False,18.0,0.0,0.0,0.0,0.0,0.0,0.0,1.0,0.0,0.0,0.0,0.0,0.0,0.0,0.0,100.0,0.0,0.0,0.0,0.0,0.0,0.0,1.0,"[[ True False False False False False False False False False False False
  False False False False]
 [False False False False False False False False False False False False
  False False False False]
 [False False False False False False False False False False False False
  False False False False]
 [False False False False False False False False False False False False
  False False False False]
 [False False False False False False False False False False False False
  False False False False]
 [False False False False False False False False False False False False
  False False False False]
 [False False False False False False False False False False False False
  False False False False]
 [False False False False False False False False False False False False
  False False False False]
 [False False False False False False False False False False False False
  False False False False]
 [False False False False False False False False False False False False
  False False False False]
 [ True False False False False False False False False False False False
  False False False False]
 [False False False False False False False False False False False False
  False False False False]
 [False False False False False False False False False False False False
  False False False False]
 [False False False False False False False False False False False False
  False False False False]
 [False False False False False False False False False False False False
  False False False False]
 [False False False False False False False False False False False False
  False False False False]]",97.5,True,False,0.0,0.0,True,False,False,False,1.0,1.0,1.0,0.0,0.0,False,False,False,True,False,False,True,False,False,False,False,0.0,0.0,False,True,False,1,"(100.0, 0.0, 50.0)",50.0,move,False,True,False,2.0,ticking,-0.5,True,False,False,18.0,0.0,0.0,0.0,0.0,0.0,0.0,1.0,0.0,0.0,0.0,0.0,0.0,0.0,0.0,100.0,100.0,0.0,0.0,0.0,0.0,0.0,1.0,"[[ True False False False False False False False False False False False
  False False False False]
 [False False False False False False False False False False False False
  False False False False]
 [False False False False False False False False False False False False
  False False False False]
 [False False False False False False False False False False False False
  False False False False]
 [False False False False False False False False False False False False
  False False False False]
 [False False False False False False False False False False False False
  False False False False]
 [False False False False False False False False False False False False
  False False False False]
 [False False False False False False False False False False False False
  False False False False]
 [False False False False False False False False  True  True  True  True
   True False False False]
 [False False False False False False False False  True  True  True  True
   True False False False]
 [False False False False False False False False  True  True  True  True
   True False False False]
 [False False False False False False False False  True  True  True  True
   True False False False]
 [False False False False False False False False  True  True  True  True
   True False False False]
 [False False False False False False False False False False False False
  False False False False]
 [False False False False False False False False False False False False
  False False False False]
 [False False False False False False False False False False False False
  False False False False]]",96.5,True,False,0.0,0.0,True,False,False,False,1.0,1.0,1.0,0.0,0.0,False,False,False,True,False,False,True,False,False,False,False,0.0,0.0,False,True,False,2,"(100.0, 100.0, 50.0)",50.0,move,False,True,False,1.0,ticking,-0.5,True,False,False,18.0,0.0,0.0,0.0,0.0,0.0,0.0,1.0,0.0,0.0,0.0,0.0,0.0,0.0,0.0,0.0,0.0,0.0,0.0,0.0,0.0,0.0,1.0,"[[ True False False False False False False False False False False False
  False False False False]
 [False False False False False False False False False False False False
  False False False False]
 [False False False False False False False False False False False False
  False False False False]
 [False False False False False False False False False False False False
  False False False False]
 [False False False False False False False False False False False False
  False False False False]
 [False False False False False False False False False False False False
  False False False False]
 [False False False False False False False False False False False False
  False False False False]
 [False False False False False False False False False False False False
  False False False False]
 [False False False False False False False False  True  True  True  True
   True False False False]
 [False False False False False False False False  True  True  True  True
   True False False False]
 [False False False False False False False False  True  True  True  True
   True False False False]
 [False False False False False False False False  True  True  True  True
   True False False False]
 [False False False False False False False False  True  True  True  True
   True False False False]
 [False False False False False False False False False False False False
  False False False False]
 [False False False False False False False False False False False False
  False False False False]
 [False False False False False False False False False False False False
  False False False False]]",92.5,True,False,0.0,0.0,True,False,False,False,1.0,1.0,1.0,0.0,0.0,False,False,False,True,False,False,True,False,False,False,False,0.0,0.0,False,True,False,5,"(0.0, 0.0, 0.0)",0.0,taxi,False,True,False,0.0,standby,-0.5,True,False,False,18.0,1.0,1.0,1.9000000000000001,1.0,2.0,1.0,1.0,1.0,0.0,0.0,300.0,0.0,0.0,0.0,150.0,150.0,350.0,0.0,0.0,-300.0,1.0,1.0,"[[ True False False False False False False False False False False False
  False False False False]
 [False False False False False False False False False False False False
  False False False False]
 [False False False False False False False False False False False False
  False False False False]
 [False False False False False False False False False False False False
  False False False False]
 [False False False False False False False False False False False False
  False False False False]
 [False False False False False False False False False False False False
  False False False False]
 [False False False False False False False False False False False False
  False False False False]
 [False False False False False False False False False False False False
  False False False False]
 [False False False False False False False False  True  True  True  True
   True False False False]
 [False False False False False False False False  True  True  True  True
   True False False False]
 [False False False False False False False False  True  True  True  True
   True False False False]
 [False False False False False False False False  True  True  True  True
   True False False False]
 [False False False False False False False False  True  True  True  True
   True False False False]
 [False False False False False False False False False False False False
  False False False False]
 [False False False False False False False False False False False False
  False False False False]
 [False False False False False False False False False False False False
  False False False False]]",84.64999999999996,False,False,1.0,1.0,False,False,False,False,1.0,1.0,2.0,1.0,1.0,False,False,True,False,False,False,False,False,False,False,False,1.0,1.0,False,False,False,3,"(150.0, 150.0, 50.0)",300.0,move,False,False,False,2.0,ticking,0.0,False,False,False,18.0,1.0,1.0,1.9000000000000001,1.0,2.0,1.0,1.0,1.0,0.0,0.0,300.0,212.13203435596427,0.0,0.0,0.0,0.0,350.0,0.0,0.0,-300.0,1.0,1.0,"[[ True False False False False False False False False False False False
  False False False False]
 [False False False False False False False False False False False False
  False False False False]
 [False False False False False False False False False False False False
  False False False False]
 [False False False False False False False False False False False False
  False False False False]
 [False False False False False False False False False False False False
  False False False False]
 [False False False False False False False False False False False False
  False False False False]
 [False False False False False False False False False False False False
  False False False False]
 [False False False False False False False False False False False False
  False False False False]
 [False False False False False False False False  True  True  True  True
   True False False False]
 [False False False False False False False False  True  True  True  True
   True False False False]
 [False False False False False False False False  True  True  True  True
   True False False False]
 [False False False False False False False False  True  True  True  True
   True False False False]
 [False False False False False False False False  True  True  True  True
   True False False False]
 [False False False False False False False False False False False False
  False False False False]
 [False False False False False False False False False False False False
  False False False False]
 [False False False False False False False False False False False False
  False False False False]]",85.54999999999997,False,False,1.0,1.0,False,False,False,False,1.0,1.0,2.0,1.0,1.0,False,False,True,False,False,False,False,False,False,False,False,1.0,1.0,False,False,False,4,"(0.0, 0.0, 50.0)",300.0,move,False,False,False,0.0,standby,0.0,False,False,False,18.0,1.0,1.0,1.9000000000000001,1.0,2.0,1.0,1.0,1.0,0.0,0.453125,56.25,0.0,0.0,0.90625,0.0,0.0,218.75,0.0,0.0,-164.0625,1.0,1.0,"[[ True False False False False False False False False False False False
  False False False False]
 [False False False False False False False False False False False False
  False False False False]
 [False False False False False False False False False False False False
  False False False False]
 [False False False False False False False False False False False False
  False False False False]
 [False False False False False False False False False False False False
  False False False False]
 [False False False False False False False False False False False False
  False False False False]
 [False False False False False False False False False False False False
  False False False False]
 [False False False False False False False False False False False False
  False False False False]
 [False False False False False False False False  True  True  True  True
   True False False False]
 [False False False False False False False False  True  True  True  True
   True False False False]
 [False False False False False False False False  True  True  True  True
   True False False False]
 [False False False False False False False False  True  True  True  True
   True False False False]
 [False False False False False False False False  True  True  True  True
   True False False False]
 [False False False False False False False False False False False False
  False False False False]
 [False False False False False False False False False False False False
  False False False False]
 [False False False False False False False False False False False False
  False False False False]]",89.14999999999999,False,False,1.0,1.0,False,False,False,False,1.0,1.0,2.0,1.0,1.0,False,False,True,False,False,False,False,False,False,False,False,1.0,1.0,False,False,False,5,"(0.0, 0.0, 0.0)",218.75,descend,False,False,False,0.0,standby,0.0,False,False,False
19.0,1.0,1.0,1.0,1.0,1.0,1.0,1.0,1.0,0.0,0.0,-1.12,0.0,0.0,0.0,0.0,0.0,0.0,0.0,0.0,-2.0,0.0,1.0,"[[ True False False False False False False False False False False False
  False False False False]
 [False False False False False False False False False False False False
  False False False False]
 [False False False False False False False False False False False False
  False False False False]
 [False False False False False False False False False False False False
  False False False False]
 [False False False False False False False False False False False False
  False False False False]
 [False False False False False False False False False False False False
  False False False False]
 [False False False False False False False False False False False False
  False False False False]
 [False False False False False False False False False False False False
  False False False False]
 [False False False False False False False False  True  True  True  True
   True False False False]
 [False False False False False False False False  True  True  True  True
   True False False False]
 [False False False False False False False False  True  True  True  True
   True False False False]
 [False False False False False False False False  True  True  True  True
   True False False False]
 [False False False False False False False False  True  True  True  True
   True False False False]
 [False False False False False False False False False False False False
  False False False False]
 [False False False False False False False False False False False False
  False False False False]
 [False False False False False False False False False False False False
  False False False False]]",90.0,False,False,1.0,1.0,False,False,False,False,1.0,1.0,1.0,1.0,1.0,False,False,False,False,False,False,False,False,False,False,False,1.0,0.0,False,False,False,5,"(0.0, 0.0, 0.0)",0.0,taxi,False,False,False,0.0,standby,-0.5,False,False,False,19.0,0.0,0.0,0.0,0.0,0.0,0.0,1.0,0.0,0.0,0.0,0.0,0.0,0.0,0.0,100.0,0.0,0.0,0.0,0.0,0.0,0.0,1.0,"[[ True False False False False False False False False False False False
  False False False False]
 [False False False False False False False False False False False False
  False False False False]
 [False False False False False False False False False False False False
  False False False False]
 [False False False False False False False False False False False False
  False False False False]
 [False False False False False False False False False False False False
  False False False False]
 [False False False False False False False False False False False False
  False False False False]
 [False False False False False False False False False False False False
  False False False False]
 [False False False False False False False False False False False False
  False False False False]
 [False False False False False False False False False False False False
  False False False False]
 [False False False False False False False False False False False False
  False False False False]
 [ True False False False False False False False False False False False
  False False False False]
 [False False False False False False False False False False False False
  False False False False]
 [False False False False False False False False False False False False
  False False False False]
 [False False False False False False False False False False False False
  False False False False]
 [False False False False False False False False False False False False
  False False False False]
 [False False False False False False False False False False False False
  False False False False]]",97.5,True,False,0.0,0.0,True,False,False,False,1.0,1.0,1.0,0.0,0.0,False,False,False,True,False,False,True,False,False,False,False,0.0,0.0,False,True,False,1,"(100.0, 0.0, 50.0)",50.0,move,False,True,False,2.0,ticking,-0.5,True,False,False,19.0,0.0,0.0,0.0,0.0,0.0,0.0,1.0,0.0,0.0,0.0,0.0,0.0,0.0,0.0,100.0,100.0,0.0,0.0,0.0,0.0,0.0,1.0,"[[ True False False False False False False False False False False False
  False False False False]
 [False False False False False False False False False False False False
  False False False False]
 [False False False False False False False False False False False False
  False False False False]
 [False False False False False False False False False False False False
  False False False False]
 [False False False False False False False False False False False False
  False False False False]
 [False False False False False False False False False False False False
  False False False False]
 [False False False False False False False False False False False False
  False False False False]
 [False False False False False False False False False False False False
  False False False False]
 [False False False False False False False False  True  True  True  True
   True False False False]
 [False False False False False False False False  True  True  True  True
   True False False False]
 [False False False False False False False False  True  True  True  True
   True False False False]
 [False False False False False False False False  True  True  True  True
   True False False False]
 [False False False False False False False False  True  True  True  True
   True False False False]
 [False False False False False False False False False False False False
  False False False False]
 [False False False False False False False False False False False False
  False False False False]
 [False False False False False False False False False False False False
  False False False False]]",96.5,True,False,0.0,0.0,True,False,False,False,1.0,1.0,1.0,0.0,0.0,False,False,False,True,False,False,True,False,False,False,False,0.0,0.0,False,True,False,2,"(100.0, 100.0, 50.0)",50.0,move,False,True,False,1.0,ticking,-0.5,True,False,False,19.0,0.0,0.0,0.0,0.0,0.0,0.0,1.0,0.0,0.0,0.0,0.0,0.0,0.0,0.0,0.0,0.0,0.0,0.0,0.0,0.0,0.0,1.0,"[[ True False False False False False False False False False False False
  False False False False]
 [False False False False False False False False False False False False
  False False False False]
 [False False False False False False False False False False False False
  False False False False]
 [False False False False False False False False False False False False
  False False False False]
 [False False False False False False False False False False False False
  False False False False]
 [False False False False False False False False False False False False
  False False False False]
 [False False False False False False False False False False False False
  False False False False]
 [False False False False False False False False False False False False
  False False False False]
 [False False False False False False False False  True  True  True  True
   True False False False]
 [False False False False False False False False  True  True  True  True
   True False False False]
 [False False False False False False False False  True  True  True  True
   True False False False]
 [False False False False False False False False  True  True  True  True
   True False False False]
 [False False False False False False False False  True  True  True  True
   True False False False]
 [False False False False False False False False False False False False
  False False False False]
 [False False False False False False False False False False False False
  False False False False]
 [False False False False False False False False False False False False
  False False False False]]",92.5,True,False,0.0,0.0,True,False,False,False,1.0,1.0,1.0,0.0,0.0,False,False,False,True,False,False,True,False,False,False,False,0.0,0.0,False,True,False,5,"(0.0, 0.0, 0.0)",0.0,taxi,False,True,False,0.0,standby,-0.5,True,False,False,19.0,1.0,1.0,1.9000000000000001,1.0,2.0,1.0,1.0,1.0,1.0,1.0,-300.0,0.0,2.0,2.0,150.0,150.0,50.0,-150.0,-150.0,0.0,1.0,1.0,"[[ True False False False False False False False False False False False
  False False False False]
 [False False False False False False False False False False False False
  False False False False]
 [False False False False False False False False False False False False
  False False False False]
 [False False False False False False False False False False False False
  False False False False]
 [False False False False False False False False False False False False
  False False False False]
 [False False False False False False False False False False False False
  False False False False]
 [False False False False False False False False False False False False
  False False False False]
 [False False False False False False False False False False False False
  False False False False]
 [False False False False False False False False  True  True  True  True
   True False False False]
 [False False False False False False False False  True  True  True  True
   True False False False]
 [False False False False False False False False  True  True  True  True
   True False False False]
 [False False False False False False False False  True  True  True  True
   True False False False]
 [False False False False False False False False  True  True  True  True
   True False False False]
 [False False False False False False False False False False False False
  False False False False]
 [False False False False False False False False False False False False
  False False False False]
 [False False False False False False False False False False False False
  False False False False]]",83.69999999999996,False,False,1.0,1.0,False,False,False,False,1.0,1.0,2.0,1.0,1.0,False,False,True,False,False,False,False,False,False,False,False,1.0,1.0,False,False,False,4,"(0.0, 0.0, 50.0)",212.13203435596427,move,False,False,False,0.0,standby,0.0,False,False,False,19.0,1.0,1.0,1.9000000000000001,1.0,2.0,1.0,1.0,1.0,0.0,1.0,-300.0,0.0,0.0,2.0,0.0,0.0,50.0,0.0,0.0,0.0,1.0,1.0,"[[ True False False False False False False False False False False False
  False False False False]
 [False False False False False False False False False False False False
  False False False False]
 [False False False False False False False False False False False False
  False False False False]
 [False False False False False False False False False False False False
  False False False False]
 [False False False False False False False False False False False False
  False False False False]
 [False False False False False False False False False False False False
  False False False False]
 [False False False False False False False False False False False False
  False False False False]
 [False False False False False False False False False False False False
  False False False False]
 [False False False False False False False False  True  True  True  True
   True False False False]
 [False False False False False False False False  True  True  True  True
   True False False False]
 [False False False False False False False False  True  True  True  True
   True False False False]
 [False False False False False False False False  True  True  True  True
   True False False False]
 [False False False False False False False False  True  True  True  True
   True False False False]
 [False False False False False False False False False False False False
  False False False False]
 [False False False False False False False False False False False False
  False False False False]
 [False False False False False False False False False False False False
  False False False False]]",84.59999999999997,False,False,1.0,1.0,False,False,False,False,1.0,1.0,2.0,1.0,1.0,False,False,True,False,False,False,False,False,False,False,False,1.0,1.0,False,False,False,4,"(0.0, 0.0, 50.0)",0.0,hover,False,False,False,1.0,ticking,0.0,False,False,False,19.0,1.0,1.0,1.9000000000000001,1.0,2.0,1.0,1.0,1.0,0.0,0.52345,-28.125,0.0,0.0,1.0469,0.0,0.0,190.62,0.0,0.0,-142.965,1.0,1.0,"[[ True False False False False False False False False False False False
  False False False False]
 [False False False False False False False False False False False False
  False False False False]
 [False False False False False False False False False False False False
  False False False False]
 [False False False False False False False False False False False False
  False False False False]
 [False False False False False False False False False False False False
  False False False False]
 [False False False False False False False False False False False False
  False False False False]
 [False False False False False False False False False False False False
  False False False False]
 [False False False False False False False False False False False False
  False False False False]
 [False False False False False False False False  True  True  True  True
   True False False False]
 [False False False False False False False False  True  True  True  True
   True False False False]
 [False False False False False False False False  True  True  True  True
   True False False False]
 [False False False False False False False False  True  True  True  True
   True False False False]
 [False False False False False False False False  True  True  True  True
   True False False False]
 [False False False False False False False False False False False False
  False False False False]
 [False False False False False False False False False False False False
  False False False False]
 [False False False False False False False False False False False False
  False False False False]]",88.19999999999999,False,False,1.0,1.0,False,False,False,False,1.0,1.0,2.0,1.0,1.0,False,False,True,False,False,False,False,False,False,False,False,1.0,1.0,False,False,False,5,"(0.0, 0.0, 0.0)",190.62,descend,False,False,False,0.0,standby,0.0,False,False,False
20.0,1.0,1.0,1.0,1.0,1.0,1.0,1.0,1.0,0.0,0.0,0.0,0.0,0.0,0.0,0.0,0.0,0.0,0.0,0.0,-2.0,0.0,1.0,"[[ True False False False False False False False False False False False
  False False False False]
 [False False False False False False False False False False False False
  False False False False]
 [False False False False False False False False False False False False
  False False False False]
 [False False False False False False False False False False False False
  False False False False]
 [False False False False False False False False False False False False
  False False False False]
 [False False False False False False False False False False False False
  False False False False]
 [False False False False False False False False False False False False
  False False False False]
 [False False False False False False False False False False False False
  False False False False]
 [False False False False False False False False  True  True  True  True
   True False False False]
 [False False False False False False False False  True  True  True  True
   True False False False]
 [False False False False False False False False  True  True  True  True
   True False False False]
 [False False False False False False False False  True  True  True  True
   True False False False]
 [False False False False False False False False  True  True  True  True
   True False False False]
 [False False False False False False False False False False False False
  False False False False]
 [False False False False False False False False False False False False
  False False False False]
 [False False False False False False False False False False False False
  False False False False]]",89.5,False,False,1.0,1.0,False,False,False,False,1.0,1.0,1.0,1.0,1.0,False,False,False,False,False,False,False,False,False,False,False,1.0,0.0,False,False,False,5,"(0.0, 0.0, 0.0)",0.0,taxi,False,False,False,0.0,standby,-0.5,False,False,False,20.0,0.0,0.0,0.0,0.0,0.0,0.0,1.0,0.0,0.0,0.0,0.0,0.0,0.0,0.0,100.0,0.0,0.0,0.0,0.0,0.0,0.0,1.0,"[[ True False False False False False False False False False False False
  False False False False]
 [False False False False False False False False False False False False
  False False False False]
 [False False False False False False False False False False False False
  False False False False]
 [False False False False False False False False False False False False
  False False False False]
 [False False False False False False False False False False False False
  False False False False]
 [False False False False False False False False False False False False
  False False False False]
 [False False False False False False False False False False False False
  False False False False]
 [False False False False False False False False False False False False
  False False False False]
 [False False False False False False False False False False False False
  False False False False]
 [False False False False False False False False False False False False
  False False False False]
 [ True False False False False False False False False False False False
  False False False False]
 [False False False False False False False False False False False False
  False False False False]
 [False False False False False False False False False False False False
  False False False False]
 [False False False False False False False False False False False False
  False False False False]
 [False False False False False False False False False False False False
  False False False False]
 [False False False False False False False False False False False False
  False False False False]]",97.5,True,False,0.0,0.0,True,False,False,False,1.0,1.0,1.0,0.0,0.0,False,False,False,True,False,False,True,False,False,False,False,0.0,0.0,False,True,False,1,"(100.0, 0.0, 50.0)",50.0,move,False,True,False,2.0,ticking,-0.5,True,False,False,20.0,0.0,0.0,0.0,0.0,0.0,0.0,1.0,0.0,0.0,0.0,0.0,0.0,0.0,0.0,100.0,100.0,0.0,0.0,0.0,0.0,0.0,1.0,"[[ True False False False False False False False False False False False
  False False False False]
 [False False False False False False False False False False False False
  False False False False]
 [False False False False False False False False False False False False
  False False False False]
 [False False False False False False False False False False False False
  False False False False]
 [False False False False False False False False False False False False
  False False False False]
 [False False False False False False False False False False False False
  False False False False]
 [False False False False False False False False False False False False
  False False False False]
 [False False False False False False False False False False False False
  False False False False]
 [False False False False False False False False  True  True  True  True
   True False False False]
 [False False False False False False False False  True  True  True  True
   True False False False]
 [False False False False False False False False  True  True  True  True
   True False False False]
 [False False False False False False False False  True  True  True  True
   True False False False]
 [False False False False False False False False  True  True  True  True
   True False False False]
 [False False False False False False False False False False False False
  False False False False]
 [False False False False False False False False False False False False
  False False False False]
 [False False False False False False False False False False False False
  False False False False]]",96.5,True,False,0.0,0.0,True,False,False,False,1.0,1.0,1.0,0.0,0.0,False,False,False,True,False,False,True,False,False,False,False,0.0,0.0,False,True,False,2,"(100.0, 100.0, 50.0)",50.0,move,False,True,False,1.0,ticking,-0.5,True,False,False,20.0,0.0,0.0,0.0,0.0,0.0,0.0,1.0,0.0,0.0,0.0,0.0,0.0,0.0,0.0,0.0,0.0,0.0,0.0,0.0,0.0,0.0,1.0,"[[ True False False False False False False False False False False False
  False False False False]
 [False False False False False False False False False False False False
  False False False False]
 [False False False False False False False False False False False False
  False False False False]
 [False False False False False False False False False False False False
  False False False False]
 [False False False False False False False False False False False False
  False False False False]
 [False False False False False False False False False False False False
  False False False False]
 [False False False False False False False False False False False False
  False False False False]
 [False False False False False False False False False False False False
  False False False False]
 [False False False False False False False False  True  True  True  True
   True False False False]
 [False False False False False False False False  True  True  True  True
   True False False False]
 [False False False False False False False False  True  True  True  True
   True False False False]
 [False False False False False False False False  True  True  True  True
   True False False False]
 [False False False False False False False False  True  True  True  True
   True False False False]
 [False False False False False False False False False False False False
  False False False False]
 [False False False False False False False False False False False False
  False False False False]
 [False False False False False False False False False False False False
  False False False False]]",92.5,True,False,0.0,0.0,True,False,False,False,1.0,1.0,1.0,0.0,0.0,False,False,False,True,False,False,True,False,False,False,False,0.0,0.0,False,True,False,5,"(0.0, 0.0, 0.0)",0.0,taxi,False,True,False,0.0,standby,-0.5,True,False,False,20.0,1.0,1.0,1.9000000000000001,1.0,2.0,1.0,1.0,1.0,0.0,0.0,300.0,212.13203435596427,0.0,0.0,0.0,0.0,350.0,0.0,0.0,-300.0,1.0,1.0,"[[ True False False False False False False False False False False False
  False False False False]
 [False False False False False False False False False False False False
  False False False False]
 [False False False False False False False False False False False False
  False False False False]
 [False False False False False False False False False False False False
  False False False False]
 [False False False False False False False False False False False False
  False False False False]
 [False False False False False False False False False False False False
  False False False False]
 [False False False False False False False False False False False False
  False False False False]
 [False False False False False False False False False False False False
  False False False False]
 [False False False False False False False False  True  True  True  True
   True False False False]
 [False False False False False False False False  True  True  True  True
   True False False False]
 [False False False False False False False False  True  True  True  True
   True False False False]
 [False False False False False False False False  True  True  True  True
   True False False False]
 [False False False False False False False False  True  True  True  True
   True False False False]
 [False False False False False False False False False False False False
  False False False False]
 [False False False False False False False False False False False False
  False False False False]
 [False False False False False False False False False False False False
  False False False False]]",82.74999999999996,False,False,1.0,1.0,False,False,False,False,1.0,1.0,2.0,1.0,1.0,False,False,True,False,False,False,False,False,False,False,False,1.0,1.0,False,False,False,4,"(0.0, 0.0, 50.0)",300.0,move,False,False,False,0.0,standby,0.0,False,False,False,20.0,1.0,1.0,1.9000000000000001,1.0,2.0,1.0,1.0,1.0,0.0,0.0,300.0,0.0,0.0,0.0,0.0,0.0,350.0,0.0,0.0,-300.0,1.0,1.0,"[[ True False False False False False False False False False False False
  False False False False]
 [False False False False False False False False False False False False
  False False False False]
 [False False False False False False False False False False False False
  False False False False]
 [False False False False False False False False False False False False
  False False False False]
 [False False False False False False False False False False False False
  False False False False]
 [False False False False False False False False False False False False
  False False False False]
 [False False False False False False False False False False False False
  False False False False]
 [False False False False False False False False False False False False
  False False False False]
 [False False False False False False False False  True  True  True  True
   True False False False]
 [False False False False False False False False  True  True  True  True
   True False False False]
 [False False False False False False False False  True  True  True  True
   True False False False]
 [False False False False False False False False  True  True  True  True
   True False False False]
 [False False False False False False False False  True  True  True  True
   True False False False]
 [False False False False False False False False False False False False
  False False False False]
 [False False False False False False False False False False False False
  False False False False]
 [False False False False False False False False False False False False
  False False False False]]",83.64999999999996,False,False,1.0,1.0,False,False,False,False,1.0,1.0,2.0,1.0,1.0,False,False,True,False,False,False,False,False,False,False,False,1.0,1.0,False,False,False,4,"(0.0, 0.0, 50.0)",300.0,move,False,False,False,1.0,ticking,0.0,False,False,False,20.0,1.0,1.0,1.9000000000000001,1.0,2.0,1.0,1.0,1.0,0.0,0.488275,14.07,0.0,0.0,0.97655,0.0,0.0,204.69,0.0,0.0,-153.51749999999998,1.0,1.0,"[[ True False False False False False False False False False False False
  False False False False]
 [False False False False False False False False False False False False
  False False False False]
 [False False False False False False False False False False False False
  False False False False]
 [False False False False False False False False False False False False
  False False False False]
 [False False False False False False False False False False False False
  False False False False]
 [False False False False False False False False False False False False
  False False False False]
 [False False False False False False False False False False False False
  False False False False]
 [False False False False False False False False False False False False
  False False False False]
 [False False False False False False False False  True  True  True  True
   True False False False]
 [False False False False False False False False  True  True  True  True
   True False False False]
 [False False False False False False False False  True  True  True  True
   True False False False]
 [False False False False False False False False  True  True  True  True
   True False False False]
 [False False False False False False False False  True  True  True  True
   True False False False]
 [False False False False False False False False False False False False
  False False False False]
 [False False False False False False False False False False False False
  False False False False]
 [False False False False False False False False False False False False
  False False False False]]",87.24999999999999,False,False,1.0,1.0,False,False,False,False,1.0,1.0,2.0,1.0,1.0,False,False,True,False,False,False,False,False,False,False,False,1.0,1.0,False,False,False,5,"(0.0, 0.0, 0.0)",204.69,descend,False,False,False,0.0,standby,0.0,False,False,False
